time_s,x_m,y_m,z_m,vx_mps,vy_mps,vz_mps,analytic_error_m
0,6921008.4,0,0,0,7588.99376932,0,0
9.55022927755,6920628.91672,72475.3058315,0,-79.4703044118,7588.57765998,0,1.86315666976e-09
19.1004585551,6919490.50849,144942.663929,0,-158.931894009,7587.32937758,0,1.87714066084e-09
28.6506878327,6917593.30015,217394.12743,0,-238.376054933,7585.24905901,0,1.02816876022e-08
38.2009171102,6914937.49975,289821.751215,0,-317.794075237,7582.3369324,0,2.14779958904e-08
47.7511463878,6911523.39852,362217.592779,0,-397.177245839,7578.59331711,0,7.45262667905e-09
57.3013756653,6907351.37088,434573.713103,0,-476.51686148,7574.01862366,0,4.19483434009e-08
66.8516049429,6902421.87431,506882.177521,0,-555.804221678,7568.61335371,0,5.59278398262e-09
76.4018342204,6896735.44939,579135.056593,0,-635.030631678,7562.37810002,0,1.8746294552e-05
85.952063498,6890292.71969,651324.426977,0,-714.187403414,7555.31354635,0,5.20110829939e-05
95.5022927755,6883094.39177,723442.372302,0,-793.265856456,7547.4204674,0,6.22462857501e-05
105.052522053,6875141.255,795480.984022,0,-872.257318959,7538.69972875,0,5.32235800748e-05
114.602751331,6866434.18152,867432.362288,0,-951.153128615,7529.15228672,0,4.70712290058e-05
124.152980608,6856974.12612,939288.616815,0,-1029.94463361,7518.77918831,0,6.69168511106e-05
133.703209886,6846762.1262,1011041.86775,0,-1108.62319356,7507.58157103,0,0.000126271815135
143.253439163,6835799.30162,1082684.24655,0,-1187.18018048,7495.56066284,0,0.00022407268334
152.803668441,6824086.85459,1154207.89682,0,-1265.60697971,7482.71778195,0,0.000344348061744
162.353897718,6811626.06955,1225604.97518,0,-1343.89499087,7469.05433674,0,0.00045945166443
171.904126996,6798418.31298,1296867.65216,0,-1422.03562881,7454.57182555,0,0.000535773935669
181.454356274,6784465.0333,1367988.113,0,-1500.02032452,7439.27183654,0,0.000540884403774
191.004585551,6769767.76067,1438958.55854,0,-1577.84052611,7423.15604753,0,0.00045109480202
200.554814829,6754328.10682,1509771.20609,0,-1655.48769972,7406.2262258,0,0.000258721706221
210.105044106,6738147.76487,1580418.29023,0,-1732.95333045,7388.48422788,0,4.78393675497e-05
219.655273384,6721228.50914,1650892.0637,0,-1810.22892333,7369.9319994,0,0.00037249749059
229.205502661,6703572.19496,1721184.79825,0,-1887.30600421,7350.57157482,0,0.000713720450607
238.755731939,6685180.75848,1791288.78547,0,-1964.17612071,7330.40507724,0,0.000985863991591
248.305961216,6666056.21646,1861196.33766,0,-2040.83084316,7309.43471816,0,0.00111617696085
257.856190494,6646200.66606,1930899.78866,0,-2117.26176548,7287.66279721,0,0.00104996777529
267.406419771,6625616.28466,2000391.49469,0,-2193.46050617,7265.09170194,0,0.000778010373492
276.956649049,6604305.32964,2069663.83523,0,-2269.41870919,7241.72390751,0,0.000373332891864
286.506878327,6582270.13819,2138709.21382,0,-2345.12804488,7217.56197644,0,3.82602280833e-05
296.057107604,6559513.12692,2207520.05891,0,-2420.58021088,7192.60855833,0,9.64805247244e-06
305.607336882,6536036.79114,2276088.82454,0,-2495.76693298,7166.86638964,0,4.10872756005e-05
315.157566159,6511843.70528,2344407.99139,0,-2570.67996612,7140.33829328,0,5.30191120167e-05
324.707795437,6486936.5224,2412470.0675,0,-2645.31109524,7113.02717836,0,4.53312960619e-05
334.258024714,6461317.97383,2480267.58908,0,-2719.65213618,7084.93603986,0,3.78866315128e-05
343.808253992,6434990.86891,2547793.12135,0,-2793.69493661,7056.06795828,0,5.29325851747e-05
353.358483269,6407958.09469,2615039.25939,0,-2867.43137691,7026.42609934,0,0.00010427894228
362.908712547,6380222.61562,2681998.62888,0,-2940.85337104,6996.01371361,0,0.000192038774162
372.458941825,6351787.47322,2748663.887,0,-3013.95286745,6964.83413614,0,0.000301986228376
382.009171102,6322655.78575,2815027.72315,0,-3086.72184997,6932.89078613,0,0.000408489731496
391.55940038,6292830.74786,2881082.8598,0,-3159.15233866,6900.1871665,0,0.000479930718047
401.109629657,6262315.63022,2946822.05328,0,-3231.23639069,6866.72686359,0,0.000485561923953
410.659858935,6231113.77918,3012238.09455,0,-3302.96610125,6832.51354668,0,0.000402799570217
420.210088212,6199228.61638,3077323.81001,0,-3374.33360436,6797.55096765,0,0.000224251927331
429.76031749,6166663.63839,3142072.06227,0,-3445.33107378,6761.84296054,0,5.37086356635e-05
439.310546767,6133422.41628,3206475.75094,0,-3515.95072381,6725.39344114,0,0.000360713905235
448.860776045,6099508.59528,3270527.81341,0,-3586.18481023,6688.20640656,0,0.00067507100559
458.411005323,6064925.89438,3334221.22561,0,-3656.02563107,6650.28593479,0,0.000921700745928
467.9612346,6029678.10588,3397549.00283,0,-3725.4655275,6611.63618424,0,0.00103239303979
477.511463878,5993769.09506,3460504.20043,0,-3794.49688463,6572.2613933,0,0.000957412103237
487.061693155,5957202.79975,3523079.91466,0,-3863.1121324,6532.16587987,0,0.000692565666844
496.611922433,5919983.22991,3585269.28344,0,-3931.3037464,6491.35404085,0,0.000315484277025
506.16215171,5882114.46729,3647065.48707,0,-3999.06424864,6449.8303517,0,3.20244669919e-05
515.712380988,5843600.66476,3708461.74899,0,-4066.38620843,6407.59936594,0,6.23335562846e-06
525.262610265,5804446.04557,3769451.33628,0,-4133.26224316,6364.66571469,0,2.8904309872e-05
534.812839543,5764654.90347,3830027.56077,0,-4199.68501911,6321.03410612,0,3.67642463214e-05
544.363068821,5724231.60201,3890183.77959,0,-4265.64725226,6276.70932493,0,2.79906955253e-05
553.913298098,5683180.57406,3949913.39592,0,-4331.14170913,6231.69623183,0,2.26186439752e-05
563.463527376,5641506.32128,4009209.85971,0,-4396.1612075,6185.99976302,0,4.05108247064e-05
573.013756653,5599213.41374,4068066.66845,0,-4460.69861725,6139.62492964,0,9.45391969598e-05
582.563985931,5556306.48933,4126477.36781,0,-4524.74686113,6092.5768172,0,0.000182766421432
592.114215208,5512790.25327,4184435.55241,0,-4588.29891552,6044.86058506,0,0.000289151651807
601.664444486,5468669.47765,4241934.86651,0,-4651.34781123,5996.48146584,0,0.000387359463571
611.214673763,5423949.00083,4298969.00467,0,-4713.88663424,5947.44476484,0,0.000446292712952
620.764903041,5378633.72692,4355531.71248,0,-4775.90852646,5897.75585949,0,0.000436939452857
630.315132318,5332728.62529,4411616.78721,0,-4837.4066865,5847.42019874,0,0.000339483965021
639.865361596,5286238.72994,4467218.0785,0,-4898.37437038,5796.44330245,0,0.000150015606019
649.415590874,5239169.139,4522329.48904,0,-4958.80489231,5744.83076082,0,0.000121450115416
658.965820151,5191525.01416,4576944.97521,0,-5018.69162541,5692.58823375,0,0.000428999826159
668.516049429,5143311.58009,4631058.54778,0,-5078.02800241,5639.72145023,0,0.000723734171658
678.066278706,5094534.12389,4684664.27254,0,-5136.80751642,5586.23620771,0,0.000938311986726
687.616507984,5045197.99449,4737756.27098,0,-5195.02372159,5532.13837146,0,0.00100869723954
697.166737261,4995308.60214,4790328.72093,0,-5252.67023387,5477.43387393,0,0.000893880256973
706.716966539,4944871.41778,4842375.85725,0,-5309.74073166,5422.12871407,0,0.000604545777236
716.267195816,4893891.97248,4893891.97243,0,-5366.22895654,5366.22895671,0,0.000240996848699
725.817425094,4842375.8569,4944871.41732,0,-5422.12871394,5309.74073185,0,4.22600012594e-05
735.367654372,4790328.72039,4995308.60145,0,-5477.43387384,5252.67023406,0,2.62385297944e-05
744.917883649,4737756.27034,5045197.9937,0,-5532.13837139,5195.02372178,0,2.50430850049e-05
754.468112927,4684664.27194,5094534.12315,0,-5586.23620763,5136.8075166,0,2.6545878521e-05
764.018342204,4631058.54733,5143311.57953,0,-5639.72145011,5078.0280026,0,2.45540550294e-05
773.568571482,4576944.97495,5191525.01383,0,-5692.58823359,5018.6916256,0,2.51258481674e-05
783.118800759,4522329.48895,5239169.13889,0,-5744.83076061,4958.80489251,0,3.59892694135e-05
792.669030037,4467218.07855,5286238.72998,0,-5796.4433022,4898.3743706,0,9.19081213724e-05
802.219259314,4411616.78732,5332728.6254,0,-5847.42019847,4837.40668674,0,0.000183630212731
811.769488592,4355531.71259,5378633.72703,0,-5897.75585921,4775.90852673,0,0.000288438645949
821.31971787,4298969.00473,5423949.00087,0,-5947.44476456,4713.88663453,0,0.000377606607002
830.869947147,4241934.86651,5468669.47761,0,-5996.48146558,4651.34781153,0,0.000419910141227
840.420176425,4184435.55237,5512790.25318,0,-6044.86058482,4588.29891582,0,0.000388184893911
849.970405702,4126477.36777,5556306.48925,0,-6092.57681698,4524.74686141,0,0.00026615505424
859.52063498,4068066.66848,5599213.41377,0,-6139.62492944,4460.6986175,0,5.42311060316e-05
869.070864257,4009209.85988,5641506.32149,0,-6185.99976283,4396.16120771,0,0.000226884905648
878.621093535,3949913.39626,5683180.5745,0,-6231.69623164,4331.14170929,0,0.000535565441658
888.171322812,3890183.7801,5724231.60268,0,-6276.70932473,4265.64725238,0,0.00081317252179
897.72155209,3830027.5614,5764654.90428,0,-6321.03410591,4199.6850192,0,0.000992945376601
907.271781368,3769451.33693,5804446.04639,0,-6364.66571447,4133.26224325,0,0.00101532709737
916.822010645,3708461.74952,5843600.66542,0,-6407.59936572,4066.38620855,0,0.000850605921713
926.372239923,3647065.4874,5882114.46767,0,-6449.83035149,3999.0642488,0,0.000530019968775
935.9224692,3585269.28344,5919983.22976,0,-6491.35404068,3931.30374659,0,0.00018720941709
945.472698478,3523079.91443,5957202.79916,0,-6532.16587975,3863.1121326,0,7.89456632498e-05
955.022927755,3460504.20006,5993769.09421,0,-6572.26139322,3794.4968848,0,6.10964525794e-05
964.573157033,3397549.00242,6029678.10495,0,-6611.63618416,3725.46552767,0,5.4912695153e-05
974.12338631,3334221.22525,6064925.89355,0,-6650.28593469,3656.02563125,0,5.72404298011e-05
983.673615588,3270527.81315,6099508.5947,0,-6688.20640643,3586.18481042,0,6.27427888673e-05
993.223844865,3206475.75081,6133422.41597,0,-6725.39344096,3515.95072402,0,6.17979010823e-05
1002.77407414,3142072.06227,6166663.63833,0,-6761.84296032,3445.33107401,0,5.75851297451e-05
1012.32430342,3077323.81009,6199228.6165,0,-6797.5509674,3374.33360463,0,0.000100367824324
1021.8745327,3012238.09467,6231113.77936,0,-6832.51354641,3302.96610155,0,0.000191019910983
1031.42476198,2946822.0534,6262315.63038,0,-6866.72686332,3231.23639102,0,0.000292716556009
1040.97499125,2881082.85989,6292830.74794,0,-6900.18716625,3159.152339,0,0.000371754762097
1050.52522053,2815027.7232,6322655.78575,0,-6932.89078589,3086.72185032,0,0.000396163336835
1060.07544981,2748663.88703,6351787.47317,0,-6964.83413593,3013.95286779,0,0.000340590253003
1069.62567909,2681998.62892,6380222.61561,0,-6996.01371341,2940.85337135,0,0.000193117871496
1079.17590836,2615039.25948,6407958.09481,0,-7026.42609915,2867.43137718,0,5.64794059094e-05
1088.72613764,2547793.12154,6434990.86926,0,-7056.06795808,2793.69493684,0,0.000344697105399
1098.27636692,2480267.58938,6461317.97445,0,-7084.93603965,2719.65213636,0,0.000655356637862
1107.8265962,2412470.06792,6486936.52327,0,-7113.02717813,2645.31109539,0,0.000918368715811
1117.37682547,2344407.99188,6511843.70629,0,-7140.33829304,2570.67996625,0,0.00106615000384
1126.92705475,2276088.82502,6536036.79211,0,-7166.86638939,2495.76693312,0,0.00104367279568
1136.47728403,2207520.05929,6559513.12767,0,-7192.6085581,2420.58021105,0,0.000833105504949
1146.02751331,2138709.21406,6582270.13857,0,-7217.56197622,2345.1280451,0,0.000487826189526
1155.57774258,2069663.83528,6604305.3294,0,-7241.72390735,2269.41870942,0,0.000179731909012
1165.12797186,2000391.49463,6625616.28397,0,-7265.09170182,2193.46050638,0,0.000128835354755
1174.67820114,1930899.78853,6646200.66507,0,-7287.66279713,2117.26176566,0,0.000112742208734
1184.22843042,1861196.33751,6666056.2154,0,-7309.43471808,2040.83084333,0,0.000108621686237
1193.77865969,1791288.78534,6685180.75756,0,-7330.40507714,1964.1761209,0,0.00011363056024
1203.32888897,1721184.79818,6703572.19431,0,-7350.57157468,1887.30600442,0,0.000120137718925
1212.87911825,1650892.06369,6721228.50882,0,-7369.93199922,1810.22892358,0,0.000116623328062
1222.42934753,1580418.29029,6738147.76484,0,-7388.48422766,1732.95333074,0,0.000105233931671
1231.9795768,1509771.2062,6754328.10699,0,-7406.22622555,1655.48770005,0,0.000128701428842
1241.52980608,1438958.55868,6769767.76092,0,-7423.15604728,1577.84052648,0,0.000208535033927
1251.08003536,1367988.11314,6784465.03353,0,-7439.2718363,1500.02032492,0,0.000304383725075
1260.63026464,1296867.65228,6798418.31313,0,-7454.57182532,1422.03562922,0,0.00037462919948
1270.18049391,1225604.97529,6811626.06961,0,-7469.05433654,1343.89499128,0,0.000385062428341
1279.73072319,1154207.89692,6824086.85462,0,-7482.71778177,1265.6069801,0,0.000311775798676
1289.28095247,1082684.24665,6835799.3017,0,-7495.56066266,1187.18018084,0,0.000153269346267
1298.83118175,1011041.86788,6846762.12644,0,-7507.58157085,1108.62319388,0,0.000154835049492
1308.38141102,939288.616985,6856974.12661,0,-7518.77918811,1029.94463389,0,0.00045366644978
1317.9316403,867432.36251,6866434.1823,0,-7529.15228651,951.153128852,0,0.000771215964854
1327.48186958,795480.984293,6875141.25605,0,-7538.69972851,872.257319165,0,0.0010304493618
1337.03209886,723442.372603,6883094.39295,0,-7547.42046714,793.265856651,0,0.00116163456474
1346.58232813,651324.427276,6890292.72081,0,-7555.31354609,714.187403621,0,0.00111189733822
1356.13255741,579135.056853,6896735.45024,0,-7562.37809978,635.03063192,0,0.000871209843117
1365.68278669,506882.177724,6902421.87478,0,-7568.6133535,555.804221972,0,0.000509335915484
1375.23301597,434573.713259,6907351.37104,0,-7574.01862347,476.51686182,0,0.000227109725063
1384.78324525,362217.592933,6911523.39865,0,-7578.59331693,397.177246187,0,0.000196901416665
1394.33347452,289821.751373,6914937.49984,0,-7582.33693223,317.79407559,0,0.000182821892087
1403.8837038,217394.127591,6917593.30023,0,-7585.24905883,238.376055287,0,0.000180413081617
1413.43393308,144942.664091,6919490.50858,0,-7587.3293774,158.931894362,0,0.00018685089065
1422.98416236,72475.305995,6920628.91682,0,-7588.5776598,79.4703047659,0,0.000193770146936
1432.53439163,0.000165853998624,6921008.40009,0,-7588.99376915,3.59647685855e-07,0,0.000189809989394
1442.08462091,-72475.3056614,6920628.91676,0,-7588.57765981,-79.4703040401,0,0.000175343031348
1451.63485019,-144942.663753,6919490.50844,0,-7587.32937743,-158.931893619,0,0.00018195830386
1461.18507947,-217394.127248,6917593.29999,0,-7585.24905888,-238.37605452,0,0.000242446417351
1470.73530874,-289821.751027,6914937.49947,0,-7582.3369323,-317.794074799,0,0.000330337537927
1480.28553802,-362217.59259,6911523.39817,0,-7578.59331702,-397.17724538,0,0.000397926672476
1489.8357673,-434573.712916,6907351.37052,0,-7574.01862358,-476.516861008,0,0.00040630052564
1499.38599658,-506882.177344,6902421.87403,0,-7568.61335363,-555.804221203,0,0.00033149991181
1508.93622585,-579135.056436,6896735.44931,0,-7562.37809992,-635.030631214,0,0.000187872910419
1518.48645513,-651324.426849,6890292.71992,0,-7555.31354623,-714.187402973,0,0.000225158700281
1528.03668441,-723442.3722,6883094.39234,0,-7547.42046725,-793.265856043,0,0.000525970080483
1537.58691369,-795480.983941,6875141.25591,0,-7538.69972856,-872.257318575,0,0.000861908222684
1547.13714296,-867432.362221,6866434.1827,0,-7529.1522865,-951.153128256,0,0.00114238581592
1556.68737224,-939288.616755,6856974.12747,0,-7518.77918806,-1029.94463326,0,0.00129198333557
1566.23760152,-1011041.86769,6846762.12757,0,-7507.58157077,-1108.62319322,0,0.00125330456541
1575.7878308,-1082684.24648,6835799.30285,0,-7495.56066259,-1187.18018012,0,0.00101243117299
1585.33806007,-1154207.89673,6824086.85555,0,-7482.71778173,-1265.60697932,0,0.000637063962661
1594.88828935,-1225604.97508,6811626.07027,0,-7469.05433654,-1343.89499046,0,0.000328899242352
1604.43851863,-1296867.65206,6798418.31372,0,-7454.57182534,-1422.0356284,0,0.000286934080904
1613.98874791,-1367988.11288,6784465.03402,0,-7439.27183633,-1500.02032411,0,0.000275290390301
1623.53897718,-1438958.5584,6769767.7613,0,-7423.15604733,-1577.8405257,0,0.000273057859745
1633.08920646,-1509771.2059,6754328.10727,0,-7406.22622562,-1655.48769929,0,0.000279646329304
1642.63943574,-1580418.28998,6738147.76505,0,-7388.48422774,-1732.95333,0,0.000287427774378
1652.18966502,-1650892.06337,6721228.50898,0,-7369.9319993,-1810.22892284,0,0.000285812202521
1661.73989429,-1721184.79784,6703572.19442,0,-7350.57157478,-1887.30600368,0,0.000271431774515
1671.29012357,-1791288.78498,6685180.7576,0,-7330.40507726,-1964.17612015,0,0.000261029383126
1680.84035285,-1861196.33712,6666056.21534,0,-7309.43471822,-2040.83084256,0,0.000284310016107
1690.39058213,-1930899.78811,6646200.6649,0,-7287.6627973,-2117.26176487,0,0.00034124750845
1699.9408114,-2000391.49418,6625616.2837,0,-7265.09170202,-2193.46050558,0,0.000393926855334
1709.49104068,-2069663.83481,6604305.32906,0,-7241.72390756,-2269.41870862,0,0.000401937291465
1719.04126996,-2138709.2135,6582270.138,0,-7217.56197646,-2345.12804434,0,0.000344031972393
1728.59149924,-2207520.05866,6559513.12695,0,-7192.60855833,-2420.58021035,0,0.000253734736357
1738.14172851,-2276088.82439,6536036.79144,0,-7166.8663896,-2495.76693247,0,0.000316889166179
1747.69195779,-2344407.99135,6511843.70591,0,-7140.33829321,-2570.67996563,0,0.000581502318649
1757.24218707,-2412470.06755,6486936.52334,0,-7113.02717825,-2645.31109476,0,0.000896734040867
1766.79241635,-2480267.5892,6461317.97502,0,-7084.93603971,-2719.65213571,0,0.00116609261158
1776.34264562,-2547793.12153,6434990.87026,0,-7056.06795811,-2793.69493616,0,0.00131251286118
1785.8928749,-2615039.25956,6407958.09606,0,-7026.42609917,-2867.43137645,0,0.00127894328357
1795.44310418,-2681998.62901,6380222.61685,0,-6996.01371345,-2940.85337057,0,0.00105230792346
1804.99333346,-2748663.88705,6351787.4742,0,-6964.83413602,-3013.95286696,0,0.00070206424075
1814.54356274,-2815027.72313,6322655.78651,0,-6932.89078602,-3086.72184945,0,0.000426638468261
1824.09379201,-2881082.85979,6292830.74863,0,-6900.1871664,-3159.15233814,0,0.000392556884975
1833.64402129,-2946822.05324,6262315.63098,0,-6866.72686348,-3231.23639018,0,0.000384134000224
1843.19425057,-3012238.09447,6231113.77986,0,-6832.51354658,-3302.96610074,0,0.000383679330592
1852.74447985,-3077323.80985,6199228.61691,0,-6797.55096758,-3374.33360384,0,0.000390914166163
1862.29470912,-3142072.06199,6166663.63869,0,-6761.84296051,-3445.33107324,0,0.000398810238871
1871.8449384,-3206475.75052,6133422.41629,0,-6725.39344116,-3515.95072326,0,0.000397992787471
1881.39516768,-3270527.81283,6099508.59498,0,-6688.20640664,-3586.18480965,0,0.000384955591777
1890.94539696,-3334221.22489,6064925.89378,0,-6650.28593493,-3656.02563047,0,0.000370468966532
1900.49562623,-3397549.00201,6029678.10509,0,-6611.63618443,-3725.46552688,0,0.0003750156226
1910.04585551,-3460504.1996,5993769.09425,0,-6572.26139352,-3794.496884,0,0.000404266974834
1919.59608479,-3523079.91392,5957202.79912,0,-6532.16588008,-3863.11213179,0,0.00043484208372
1929.14631407,-3585269.28286,5919983.22962,0,-6491.35404102,-3931.3037458,0,0.000434798130461
1938.69654334,-3647065.48667,5882114.46732,0,-6449.83035184,-3999.06424805,0,0.000393014463258
1948.24677262,-3708461.7487,5843600.66496,0,-6407.59936605,-4066.38620786,0,0.000358550157749
1957.7970019,-3769451.33615,5804446.04601,0,-6364.66571478,-4133.26224259,0,0.000454491157083
1967.34723118,-3830027.56081,5764654.90419,0,-6321.03410617,-4199.68501854,0,0.000694379351874
1976.89746045,-3890183.77978,5724231.60299,0,-6276.70932494,-4265.64725171,0,0.000978504547524
1986.44768973,-3949913.39623,5683180.57525,0,-6231.69623181,-4331.14170858,0,0.00121565530136
1995.99791901,-4009209.8601,5641506.32259,0,-6185.99976298,-4396.16120695,0,0.00133059936395
2005.54814829,-4068066.66882,5599213.41505,0,-6139.6249296,-4460.6986167,0,0.00127247123202
2015.09837756,-4126477.3681,5556306.49049,0,-6092.57681718,-4524.74686056,0,0.00104021371812
2024.64860684,-4184435.55257,5512790.25422,0,-6044.86058508,-4588.29891494,0,0.000722875785732
2034.19883612,-4241934.86657,5468669.47845,0,-5996.48146588,-4651.34781064,0,0.000522820046838
2043.7490654,-4298969.00475,5423949.00165,0,-5947.44476488,-4713.88663366,0,0.000512378315431
2053.29929467,-4355531.71253,5378633.72773,0,-5897.75585954,-4775.90852588,0,0.00050726822194
2062.84952395,-4411616.78719,5332728.62602,0,-5847.4201988,-4837.40668591,0,0.000509745746651
2072.39975323,-4467218.07837,5286238.73054,0,-5796.44330254,-4898.37436979,0,0.0005180668032
2081.94998251,-4522329.48874,5239169.13941,0,-5744.83076095,-4958.80489172,0,0.00052529507841
2091.50021178,-4576944.97471,5191525.01432,0,-5692.58823394,-5018.69162481,0,0.00052343028308
2101.05044106,-4631058.54705,5143311.57999,0,-5639.72145049,-5078.02800181,0,0.000510813613822
2110.60067034,-4684664.27162,5094534.12356,0,-5586.23620803,-5136.80751581,0,0.000497180087897
2120.15089962,-4737756.26994,5045197.99404,0,-5532.13837183,-5195.02372098,0,0.000497418376331
2129.70112889,-4790328.71991,4995308.6017,0,-5477.43387431,-5252.67023326,0,0.000514123893762
2139.25135817,-4842375.85638,4944871.41752,0,-5422.12871444,-5309.74073106,0,0.000529637725943
2148.80158745,-4893891.97182,4893891.97251,0,-5366.22895704,-5366.22895595,0,0.000522224892988
2158.35181673,-4944871.41691,4842375.85716,0,-5309.74073215,-5422.12871336,0,0.000494119938373
2167.902046,-4995308.6012,4790328.72079,0,-5252.67023434,-5477.43387326,0,0.000500589751272
2177.45227528,-5045197.99365,4737756.27095,0,-5195.02372203,-5532.13837081,0,0.000623211812826
2187.00250456,-5094534.12333,4684664.27277,0,-5136.80751681,-5586.23620704,0,0.000855154462321
2196.55273384,-5143311.57991,4631058.54836,0,-5078.02800277,-5639.72144953,0,0.00111486046016
2206.10296311,-5191525.01436,4576944.97614,0,-5018.69162574,-5692.588233,0,0.00131631941583
2215.65319239,-5239169.13949,4522329.49022,0,-4958.80489265,-5744.83076002,0,0.00138828659806
2225.20342167,-5286238.73054,4467218.07978,0,-4898.37437074,-5796.44330161,0,0.0012903864417
2234.75365095,-5332728.62583,4411616.78842,0,-4837.40668691,-5847.42019787,0,0.00104249863437
2244.30388022,-5378633.72728,4355531.71351,0,-4775.90852694,-5897.75585861,0,0.000764051673508
2253.8541095,-5423949.00105,4298969.00558,0,-4713.88663476,-5947.44476396,0,0.000647777451244
2263.40433878,-5468669.47781,4241934.86738,0,-4651.34781176,-5996.48146498,0,0.000645877731747
2272.95456806,-5512790.25334,4184435.55322,0,-4588.29891605,-6044.86058422,0,0.000644223111648
2282.50479734,-5556306.48931,4126477.36856,0,-4524.74686166,-6092.57681639,0,0.000649410561799
2292.05502661,-5599213.41366,4068066.66915,0,-4460.69861778,-6139.62492885,0,0.000658363682592
2301.60525589,-5641506.32117,4009209.86039,0,-4396.16120804,-6185.99976225,0,0.000664299066933
2311.15548517,-5683180.57391,3949913.39658,0,-4331.14170968,-6231.69623107,0,0.000660902051081
2320.70571445,-5724231.60182,3890183.78023,0,-4265.64725284,-6276.70932417,0,0.000648775621852
2330.25594372,-5764654.9032,3830027.56137,0,-4199.68501972,-6321.03410536,0,0.000637613643153
2339.806173,-5804446.04521,3769451.33682,0,-4133.26224381,-6364.66571393,0,0.000638321328033
2349.35640228,-5843600.66431,3708461.74947,0,-4066.38620911,-6407.59936519,0,0.000649797913298
2358.90663156,-5882114.46679,3647065.48751,0,-3999.06424934,-6449.83035096,0,0.000656761686935
2368.45686083,-5919983.22919,3585269.28377,0,-3931.30374709,-6491.35404015,0,0.000645844006655
2378.00709011,-5957202.7988,3523079.91489,0,-3863.11213307,-6532.16587922,0,0.000630249249886
2387.55731939,-5993769.09406,3460504.20065,0,-3794.49688526,-6572.26139268,0,0.000665269969498
2397.10754867,-6029678.10506,3397549.00316,0,-3725.46552809,-6611.63618362,0,0.000806886506389
2406.65777794,-6064925.89394,3334221.22615,0,-3656.02563164,-6650.28593414,0,0.00103565847009
2416.20800722,-6099508.59531,3270527.8142,0,-3586.18481078,-6688.20640587,0,0.00127501422159
2425.7582365,-6133422.41674,3206475.75197,0,-3515.95072436,-6725.3934404,0,0.00144197296797
2435.30846578,-6166663.63915,3142072.06346,0,-3445.33107434,-6761.84295975,0,0.00147065870164
2444.85869505,-6199228.61724,3077323.81124,0,-3374.33360497,-6797.55096683,0,0.00133420665352
2454.40892433,-6231113.77993,3012238.09571,0,-3302.96610193,-6832.51354585,0,0.0010779315279
2463.95915361,-6262315.63074,2946822.05431,0,-3231.23639143,-6866.72686277,0,0.000847204098589
2473.50938289,-6292830.74828,2881082.86079,0,-3159.15233942,-6900.1871657,0,0.000793097938672
2483.05961216,-6322655.78609,2815027.72411,0,-3086.72185074,-6932.89078534,0,0.000791268630261
2492.60984144,-6351787.47345,2748663.88792,0,-3013.95286822,-6964.83413539,0,0.000792602883579
2502.16007072,-6380222.61575,2681998.62976,0,-2940.8533718,-6996.01371289,0,0.000799567651647
2511.7103,-6407958.09476,2615039.26024,0,-2867.43137766,-7026.42609864,0,0.000808469013471
2521.26052927,-6434990.86893,2547793.12219,0,-2793.69493737,-7056.06795759,0,0.000813017779586
2530.81075855,-6461317.97381,2480267.5899,0,-2719.65213695,-7084.93603918,0,0.000808627841462
2540.36098783,-6486936.52232,2412470.06831,0,-2645.31109604,-7113.0271777,0,0.000797757068096
2549.91121711,-6511843.70512,2344407.99218,0,-2570.67996696,-7140.33829263,0,0.000789771363386
2559.46144638,-6536036.79087,2276088.82529,0,-2495.76693386,-7166.866389,0,0.00079235483515
2569.01167566,-6559513.12656,2207520.05962,0,-2420.58021178,-7192.60855771,0,0.000801622503594
2578.56190494,-6582270.13776,2138709.21451,0,-2345.1280458,-7217.56197583,0,0.000803882374434
2588.11213422,-6604305.32895,2069663.83586,0,-2269.41871009,-7241.72390695,0,0.000791811542214
2597.66236349,-6625616.28372,2000391.49528,0,-2193.46050703,-7265.09170142,0,0.000785391554477
2607.21259277,-6646200.66509,1930899.78926,0,-2117.26176629,-7287.66279672,0,0.000837550024673
2616.76282205,-6666056.21571,1861196.33833,0,-2040.83084393,-7309.43471765,0,0.0009898005579
2626.31305133,-6685180.75817,1791288.78626,0,-1964.17612146,-7330.4050767,0,0.00121586929093
2635.8632806,-6703572.19518,1721184.79918,0,-1887.30600496,-7350.57157423,0,0.00143996867294
2645.41350988,-6721228.50984,1650892.06475,0,-1810.22892409,-7369.93199875,0,0.00158039905856
2654.96373916,-6738147.7659,1580418.29136,0,-1732.95333126,-7388.4842272,0,0.00157619746795
2664.51396844,-6754328.10793,1509771.20724,0,-1655.48770058,-7406.2262251,0,0.00141330404723
2674.06419771,-6769767.76164,1438958.55964,0,-1577.84052705,-7423.15604684,0,0.00115912289207
2683.61442699,-6784465.03405,1367988.11403,0,-1500.02032552,-7439.27183587,0,0.000970079185577
2693.16465627,-6798418.31366,1296867.65318,0,-1422.03562982,-7454.5718249,0,0.00094585062134
2702.71488555,-6811626.07013,1225604.9762,0,-1343.89499188,-7469.05433612,0,0.000945260611444
2712.26511482,-6824086.85505,1154207.89782,0,-1265.60698071,-7482.71778136,0,0.000948502357891
2721.8153441,-6835799.30198,1082684.24754,0,-1187.18018146,-7495.56066227,0,0.000956211675537
2731.36557338,-6846762.12648,1011041.86873,0,-1108.62319453,-7507.58157049,0,0.000964742601999
2740.91580266,-6856974.12634,939288.617785,0,-1029.94463459,-7518.77918779,0,0.000968522762617
2750.46603194,-6866434.18168,867432.363255,0,-951.153129608,-7529.15228623,0,0.000964243466809
2760.01626121,-6875141.25509,795480.984988,0,-872.257319978,-7538.69972827,0,0.000955344884458
2769.56649049,-6883094.39177,723442.373263,0,-793.265857508,-7547.42046695,0,0.000950608860478
2779.11671977,-6890292.71958,651324.427929,0,-714.1874045,-7555.31354591,0,0.000955568053061
2788.66694905,-6896735.44917,579135.057533,0,-635.030632791,-7562.37809961,0,0.000964680791558
2798.21717832,-6902421.87407,506882.178455,0,-555.80422281,-7568.61335332,0,0.0009649114048
2807.7674076,-6907351.37071,434573.714039,0,-476.51686262,-7574.01862327,0,0.000951508869239
2817.31763688,-6911523.39853,362217.593726,0,-397.177246973,-7578.59331673,0,0.00094658730446
2826.86786616,-6914937.50002,289821.752179,0,-317.794076352,-7582.33693201,0,0.00100132906374
2836.41809543,-6917593.30075,217394.128416,0,-238.37605602,-7585.24905859,0,0.00115404948162
2845.96832471,-6919490.50943,144942.66494,0,-158.931895064,-7587.32937714,0,0.00137911460098
2855.51855399,-6920628.91794,72475.3068665,0,-79.4703054401,-7588.57765952,0,0.00160072244579
2865.06878327,-6921008.40138,0.00105329370126,0,-1.01665546026e-06,-7588.99376885,0,0.00173539027864
2874.61901254,-6920628.91807,-72475.3047697,0,79.4703033842,-7588.57765952,0,0.00172211001855
2884.16924182,-6919490.50962,-144942.662871,0,158.931892945,-7587.32937715,0,0.0015512320862
2893.7194711,-6917593.30092,-217394.126385,0,238.376053815,-7585.24905863,0,0.00129883425531
2903.26970038,-6914937.50019,-289821.750183,0,317.794074068,-7582.33693206,0,0.001122311585
2912.81992965,-6911523.39891,-362217.591746,0,397.177244654,-7578.59331679,0,0.0011033172324
2922.37015893,-6907351.37124,-434573.71206,0,476.516860288,-7574.01862335,0,0.00110399386583
2931.92038821,-6902421.87467,-506882.176472,0,555.80422048,-7568.61335342,0,0.00110791821681
2941.47061749,-6896735.44978,-579135.055546,0,635.030630478,-7562.37809973,0,0.00111549141397
2951.02084676,-6890292.72013,-651324.425935,0,714.187402211,-7555.31354607,0,0.00112374038826
2960.57107604,-6883094.39222,-723442.371258,0,793.265855243,-7547.42046714,0,0.00112789761721
2970.12130532,-6875141.25541,-795480.982967,0,872.257317728,-7538.69972852,0,0.00112509448099
2979.6715346,-6866434.18184,-867432.361215,0,951.153127363,-7529.15228652,0,0.001118510638
2989.22176387,-6856974.12636,-939288.615727,0,1029.94463234,-7518.77918813,0,0.00111611756049
2998.77199315,-6846762.1264,-1011041.86666,0,1108.62319227,-7507.58157088,0,0.00112276669218
3008.32222243,-6835799.30184,-1082684.24546,0,1187.18017918,-7495.5606627,0,0.00113293734274
3017.87245171,-6824086.85491,-1154207.89575,0,1265.60697841,-7482.71778182,0,0.00113373695815
3027.42268098,-6811626.07005,-1225604.97415,0,1343.89498959,-7469.0543366,0,0.00111929952928
3036.97291026,-6798418.31373,-1296867.65117,0,1422.03562755,-7454.57182539,0,0.00110844671499
3046.52313954,-6784465.03433,-1367988.11205,0,1500.02032328,-7439.27183636,0,0.00114936189803
3056.07336882,-6769767.76196,-1438958.55763,0,1577.84052489,-7423.15604733,0,0.0012858260704
3065.62359809,-6754328.10827,-1509771.20519,0,1655.48769851,-7406.22622558,0,0.00150399050124
3075.17382737,-6738147.76635,-1580418.28932,0,1732.95332925,-7388.48422768,0,0.0017325970611
3084.72405665,-6721228.51047,-1650892.06274,0,1810.22892211,-7369.93199923,0,0.00188464620616
3094.27428593,-6703572.19596,-1721184.79721,0,1887.30600295,-7350.5715747,0,0.00189238167047
3103.8245152,-6685180.75901,-1791288.78434,0,1964.17611941,-7330.4050772,0,0.00173790540089
3113.37474448,-6666056.2165,-1861196.33643,0,2040.83084179,-7309.43471819,0,0.00148786122078
3122.92497376,-6646200.6658,-1930899.78737,0,2117.26176408,-7287.6627973,0,0.00129476594489
3132.47520304,-6625616.28457,-2000391.49345,0,2193.46050479,-7265.09170203,0,0.00126124923825
3142.02543231,-6604305.32993,-2069663.83406,0,2269.41870784,-7241.72390758,0,0.00126351917216
3151.57566159,-6582270.1388,-2138709.21272,0,2345.12804356,-7217.56197648,0,0.00126765782056
3161.12589087,-6559513.12759,-2207520.05782,0,2420.58020957,-7192.60855838,0,0.00127461949372
3170.67612015,-6536036.79186,-2276088.82347,0,2495.76693167,-7166.8663897,0,0.00128245002454
3180.22634943,-6511843.70602,-2344407.99033,0,2570.67996481,-7140.33829336,0,0.00128748647869
3189.7765787,-6486936.52311,-2412470.06642,0,2645.31109391,-7113.02717847,0,0.00128701706097
3199.32680798,-6461317.97447,-2480267.58796,0,2719.65213484,-7084.93603999,0,0.00128276143466
3208.87703726,-6434990.86948,-2547793.12021,0,2793.69493526,-7056.06795845,0,0.0012804868897
3218.42726654,-6407958.09521,-2615039.25822,0,2867.43137555,-7026.42609955,0,0.00128433652341
3227.97749581,-6380222.61616,-2681998.62773,0,2940.85336968,-6996.01371383,0,0.00129101082783
3237.52772509,-6351787.47385,-2748663.88588,0,3013.95286609,-6964.83413637,0,0.00129138625747
3247.07795437,-6322655.78654,-2815027.7221,0,3086.72184862,-6932.89078635,0,0.0012813509455
3256.62818365,-6292830.74886,-2881082.85885,0,3159.15233732,-6900.18716671,0,0.00127543508117
3266.17841292,-6262315.63146,-2946822.05243,0,3231.23638938,-6866.72686377,0,0.00131026695426
3275.7286422,-6231113.78064,-3012238.09379,0,3302.96609995,-6832.51354684,0,0.00142100676277
3285.27887148,-6199228.618,-3077323.8093,0,3374.33360307,-6797.5509678,0,0.00160096385101
3294.82910076,-6166663.64003,-3142072.06155,0,3445.33107249,-6761.8429607,0,0.00179322800801
3304.37933003,-6133422.41779,-3206475.75015,0,3515.95072252,-6725.39344133,0,0.00192102639399
3313.92955931,-6099508.59651,-3270527.81247,0,3586.18480892,-6688.20640682,0,0.00192326899391
3323.47978859,-6064925.8952,-3334221.22448,0,3656.02562973,-6650.28593512,0,0.00178730706874
3333.03001787,-6029678.10629,-3397549.00151,0,3725.46552612,-6611.63618466,0,0.0015796099166
3342.58024714,-5993769.09523,-3460504.199,0,3794.49688324,-6572.26139378,0,0.0014319920672
3352.13047642,-5957202.8001,-3523079.91333,0,3863.11213103,-6532.16588034,0,0.00141365812368
3361.6807057,-5919983.23059,-3585269.28226,0,3931.30374505,-6491.35404129,0,0.00141692029076
3371.23093498,-5882114.46822,-3647065.48601,0,3999.06424731,-6449.83035212,0,0.00142170537127
3380.78116425,-5843600.66573,-3708461.74796,0,4066.38620712,-6407.59936637,0,0.00142840396232
3390.33139353,-5804446.04658,-3769451.33528,0,4133.26224185,-6364.66571513,0,0.00143547778856
3399.88162281,-5764654.9045,-3830027.55977,0,4199.6850178,-6321.03410659,0,0.0014400347786
3409.43185209,-5724231.60301,-3890183.77856,0,4265.64725095,-6276.70932543,0,0.00144017662117
3418.98208136,-5683180.575,-3949913.39484,0,4331.14170782,-6231.69623236,0,0.00143776073035
3428.53231064,-5641506.32217,-4009209.85859,0,4396.16120618,-6185.99976359,0,0.00143745187005
3438.08253992,-5599213.4146,-4068066.6673,0,4460.69861594,-6139.62493023,0,0.00144174786634
3447.6327692,-5556306.4902,-4126477.36668,0,4524.74685982,-6092.57681781,0,0.00144686510624
3457.18299847,-5512790.25423,-4184435.55135,0,4588.29891422,-6044.86058568,0,0.00144530686491
3466.73322775,-5468669.47876,-4241934.86556,0,4651.34780994,-5996.48146644,0,0.00143575616211
3476.28345703,-5423949.00212,-4298969.00387,0,4713.88663296,-5947.44476543,0,0.00143389912558
3485.83368631,-5378633.72842,-4355531.71183,0,4775.90852519,-5897.75586006,0,0.00147230497803
3495.38391558,-5332728.62696,-4411616.78668,0,4837.40668524,-5847.42019929,0,0.00157783855787
3504.93414486,-5286238.73172,-4467218.07805,0,4898.37436913,-5796.44330299,0,0.00173923025712
3514.48437414,-5239169.14079,-4522329.48857,0,4958.80489107,-5744.83076137,0,0.00190229590592
3524.03460342,-5191525.01582,-4576944.97462,0,5018.69162417,-5692.58823435,0,0.00199735241697
3533.58483269,-5143311.58149,-4631058.54697,0,5078.02800117,-5639.72145089,0,0.00197408494117
3543.13506197,-5094534.12494,-4684664.27144,0,5136.80751517,-5586.23620846,0,0.00183489797477
3552.68529125,-5045197.99522,-4737756.26962,0,5195.02372034,-5532.1383723,0,0.00165816929264
3562.23552053,-4995308.60274,-4790328.71948,0,5252.67023262,-5477.43387481,0,0.00155870110999
3571.7857498,-4944871.41858,-4842375.85597,0,5309.74073042,-5422.12871493,0,0.00155719673767
3581.33597908,-4893891.97356,-4893891.97138,0,5366.22895532,-5366.22895754,0,0.00156117180687
3590.88620836,-4842375.85814,-4944871.4164,0,5422.12871275,-5309.74073266,0,0.00156633447841
3600.43643764,-4790328.72165,-4995308.60056,0,5477.43387265,-5252.67023488,0,0.00157259317926
3609.98666691,-4737756.27164,-5045197.99284,0,5532.13837021,-5195.02372261,0,0.00157865344373
3619.53689619,-4684664.27324,-5094534.12228,0,5586.23620646,-5136.80751746,0,0.00158228611885
3629.08712547,-4631058.5486,-5143311.57863,0,5639.72144895,-5078.02800348,0,0.00158261808909
3638.63735475,-4576944.97617,-5191525.01287,0,5692.58823243,-5018.69162652,0,0.00158202595822
3648.18758403,-4522329.49014,-5239169.13788,0,5744.83075947,-4958.80489347,0,0.00158430857732
3657.7378133,-4467218.07972,-5286238.72895,0,5796.44330107,-4898.37437158,0,0.00158996872472
3667.28804258,-4411616.78852,-5332728.62441,0,5847.42019734,-4837.40668773,0,0.00159385161775
3676.83827186,-4355531.71386,-5378633.72614,0,5897.7558581,-4775.90852772,0,0.00158944836339
3686.38850114,-4298969.00613,-5423949.00013,0,5947.44476346,-4713.88663551,0,0.0015786828385
3695.93873041,-4241934.86806,-5468669.47707,0,5996.48146448,-4651.34781249,0,0.00158025628381
3705.48895969,-4184435.55407,-5512790.25282,0,6044.86058373,-4588.29891675,0,0.00162533914035
3715.03918897,-4126477.36961,-5556306.48904,0,6092.5768159,-4524.74686232,0,0.00173333088264
3724.58941825,-4068066.67039,-5599213.41363,0,6139.62492837,-4460.69861841,0,0.00188501502821
3734.13964752,-4009209.86177,-5641506.3213,0,6185.99976177,-4396.16120863,0,0.00202416515008
3743.6898768,-3949913.39802,-5683180.57412,0,6231.69623059,-4331.14171027,0,0.00208632325344
3753.24010608,-3890183.78165,-5724231.60201,0,6276.7093237,-4265.64725343,0,0.00203385053746
3762.79033536,-3830027.56268,-5764654.90325,0,6321.0341049,-4199.68502033,0,0.00188834498476
3772.34056463,-3769451.33797,-5804446.04507,0,6364.66571348,-4133.26224446,0,0.00174063114453
3781.89079391,-3708461.75054,-5843600.66409,0,6407.59936474,-4066.38620978,0,0.00168390707248
3791.44102319,-3647065.48861,-5882114.46659,0,6449.83035052,-3999.06425,0,0.00168844290619
3800.99125247,-3585269.28485,-5919983.22895,0,6491.35403973,-3931.30374775,0,0.0016928786136
3810.54148174,-3523079.91591,-5957202.79845,0,6532.16587881,-3863.11213375,0,0.00169787771486
3820.09171102,-3460504.20157,-5993769.09355,0,6572.26139229,-3794.49688596,0,0.00170333340301
3829.6419403,-3397549.00394,-6029678.10432,0,6611.63618325,-3725.46552884,0,0.00170826217134
3839.19216958,-3334221.22677,-6064925.89291,0,6650.2859338,-3656.02563244,0,0.00171110938173
3848.74239885,-3270527.81465,-6099508.59399,0,6688.20640555,-3586.18481165,0,0.00171197808586
3858.29262813,-3206475.75228,-6133422.4152,0,6725.3934401,-3515.95072528,0,0.00171360564542
3867.84285741,-3142072.06371,-6166663.63751,0,6761.84295948,-3445.33107529,0,0.00171867399362
3877.39308669,-3077323.81153,-6199228.61567,0,6797.55096657,-3374.33360593,0,0.00172555516842
3886.94331596,-3012238.09614,-6231113.7786,0,6832.5135456,-3302.96610286,0,0.00172771518237
3896.49354524,-2946822.05493,-6262315.62976,0,6866.72686252,-3231.23639232,0,0.00171963061863
3906.04377452,-2881082.86151,-6292830.74751,0,6900.18716545,-3159.15234028,0,0.00170657684136
3915.5940038,-2815027.72492,-6322655.78554,0,6932.8907851,-3086.72185157,0,0.00171057458736
3925.14423307,-2748663.88886,-6351787.47319,0,6964.83413514,-3013.95286902,0,0.00176203359956
3934.69446235,-2681998.63084,-6380222.61578,0,6996.01371263,-2940.85337256,0,0.00187377790563
3944.24469163,-2615039.26144,-6407958.09503,0,7026.42609838,-2867.43137839,0,0.002018771415
3953.79492091,-2547793.12347,-6434990.86939,0,7056.06795733,-2793.69493807,0,0.00213801855357
3963.34515018,-2480267.59121,-6461317.97433,0,7084.93603892,-2719.65213764,0,0.00217174979107
3972.89537946,-2412470.06959,-6486936.52278,0,7113.02717745,-2645.31109673,0,0.00209511086758
3982.44560874,-2344407.99336,-6511843.70539,0,7140.33829239,-2570.67996768,0,0.00194793919097
3991.99583802,-2276088.82637,-6536036.79093,0,7166.86638878,-2495.76693461,0,0.00182735005156
4001.54606729,-2207520.06067,-6559513.12658,0,7192.6085575,-2420.58021253,0,0.00179977183721
4011.09629657,-2138709.21558,-6582270.13779,0,7217.56197563,-2345.12804654,0,0.00180427764218
4020.64652585,-2069663.83692,-6604305.32891,0,7241.72390676,-2269.41871083,0,0.0018087484772
4030.19675513,-2000391.4963,-6625616.28355,0,7265.09170126,-2193.46050778,0,0.0018130726289
4039.7469844,-1930899.79021,-6646200.6647,0,7287.66279657,-2117.26176707,0,0.00181747396397
4049.29721368,-1861196.3392,-6666056.21505,0,7309.43471754,-2040.83084475,0,0.00182138576126
4058.84744296,-1791288.78703,-6685180.75718,0,7330.40507663,-1964.17612233,0,0.00182389928241
4068.39767224,-1721184.79985,-6703572.19387,0,7350.5715742,-1887.30600588,0,0.00182588984864
4077.94790152,-1650892.06535,-6721228.5083,0,7369.93199876,-1810.22892506,0,0.00183014515599
4087.49813079,-1580418.29193,-6738147.76427,0,7388.48422723,-1732.95333225,0,0.00183809301693
4097.04836007,-1509771.20784,-6754328.10644,0,7406.22622514,-1655.48770157,0,0.00184610220998
4106.59858935,-1438958.56033,-6769767.76046,0,7423.15604688,-1577.840528,0,0.00184634319097
4116.14881863,-1367988.11482,-6784465.03324,0,7439.27183591,-1500.02032642,0,0.00183395172361
4125.6990479,-1296867.65401,-6798418.31306,0,7454.57182493,-1422.0356307,0,0.0018168467129
4135.24927718,-1225604.97707,-6811626.0698,0,7469.05433614,-1343.89499273,0,0.00182004849482
4144.79950646,-1154207.89875,-6824086.85504,0,7482.71778137,-1265.60698152,0,0.00187437628737
4154.34973574,-1082684.24853,-6835799.30228,0,7495.56066227,-1187.18018223,0,0.00198882851469
4163.89996501,-1011041.86978,-6846762.12706,0,7507.58157047,-1108.62319527,0,0.00213092074402
4173.45019429,-939288.618872,-6856974.1271,0,7518.77918776,-1029.94463529,0,0.00223886921021
4183.00042357,-867432.364352,-6866434.18249,0,7529.1522862,-951.153130303,0,0.0022553507374
4192.55065285,-795480.986061,-6875141.25581,0,7538.69972826,-872.25732068,0,0.00216411375972
4202.10088212,-723442.374285,-6883094.39226,0,7547.42046695,-793.265858235,0,0.00201716630346
4211.6511114,-651324.428898,-6890292.71984,0,7555.31354594,-714.187405251,0,0.00191322157926
4221.20134068,-579135.058494,-6896735.44943,0,7562.37809964,-635.030633534,0,0.00189741437771
4230.75156996,-506882.179423,-6902421.87432,0,7568.61335336,-555.80422354,0,0.00190209695039
4240.30179923,-434573.715009,-6907351.37088,0,7574.01862333,-476.516863347,0,0.00190631887397
4249.85202851,-362217.594689,-6911523.39855,0,7578.5933168,-397.177247708,0,0.00190967680266
4259.40225779,-289821.753127,-6914937.4998,0,7582.33693212,-317.794077107,0,0.00191290476994
4268.95248707,-217394.129345,-6917593.30021,0,7585.24905874,-238.376056809,0,0.00191601940328
4278.50271634,-144942.665847,-6919490.50853,0,7587.32937734,-158.931895896,0,0.00191868234042
4288.05294562,-72475.3077536,-6920628.91669,0,7588.57765977,-79.470306317,0,0.00192221774656
4297.6031749,-0.00192573713139,-6921008.39988,0,7588.99376915,-1.92830987089e-06,0,0.00192936484903
4307.15340418,72475.3039032,-6920628.9165,0,7588.57765985,79.4703024586,0,0.00194066681835
4316.70363345,144942.662,-6919490.50819,0,7587.32937749,158.931892033,0,0.00195091049798
4326.25386273,217394.125504,-6917593.29984,0,7585.24905895,238.376052942,0,0.00195063734364
4335.80409201,289821.749296,-6914937.49951,0,7582.33693237,317.794073241,0,0.0019340864189
4345.35432129,362217.590871,-6911523.39845,0,7578.59331709,397.177243851,0,0.00190963582331
4354.90455056,434573.711208,-6907351.37107,0,7574.01862363,476.516859513,0,0.00190451307474
4364.45477984,506882.175642,-6902421.87485,0,7568.61335367,555.804219742,0,0.0019531176809
4374.00500912,579135.054732,-6896735.4503,0,7562.37809996,635.030629779,0,0.00206731547998
4383.5552384,651324.425133,-6890292.72095,0,7555.31354627,714.187401548,0,0.00221428496893
4393.10546767,723442.370463,-6883094.39324,0,7547.42046733,793.265854607,0,0.00232886820251
4402.65569695,795480.982176,-6875141.25649,0,7538.6997287,872.257317107,0,0.00234960295582
4412.20592623,867432.360424,-6866434.18282,0,7529.15228671,951.153126738,0,0.00225745081059
4421.75615551,939288.614932,-6856974.1271,0,7518.77918835,1029.94463169,0,0.00210485899675
4431.30638478,1011041.86586,-6846762.12687,0,7507.58157112,1108.6231916,0,0.00199501484707
4440.85661406,1082684.24467,-6835799.30229,0,7495.56066295,1187.18017852,0,0.00197516723213
4450.40684334,1154207.89495,-6824086.85536,0,7482.71778207,1265.60697777,0,0.00197976966619
4459.95707262,1225604.97333,-6811626.07043,0,7469.05433686,1343.89498896,0,0.00198369829209
4469.50730189,1296867.65032,-6798418.31396,0,7454.57182567,1422.03562691,0,0.00198617552969
4479.05753117,1367988.11116,-6784465.03431,0,7439.27183668,1500.02032263,0,0.00198827877537
4488.60776045,1438958.55668,-6769767.76161,0,7423.1560477,1577.84052422,0,0.00199068169831
4498.15798973,1509771.20417,-6754328.10755,0,7406.22622601,1655.48769781,0,0.00199342699093
4507.708219,1580418.28823,-6738147.76526,0,7388.48422817,1732.95332852,0,0.00199766946541
4517.25844828,1650892.0616,-6721228.50911,0,7369.93199977,1810.22892135,0,0.00200563249566
4526.80867756,1721184.79606,-6703572.19451,0,7350.57157528,1887.30600219,0,0.00201746678183
4536.35890684,1791288.78321,-6685180.75769,0,7330.40507778,1964.17611866,0,0.00202794823523
4545.90913612,1861196.33538,-6666056.21552,0,7309.43471876,2040.83084108,0,0.00202778322025
4555.45936539,1930899.78642,-6646200.66525,0,7287.66279783,2117.26176341,0,0.00201092283159
4565.00959467,2000391.49257,-6625616.28427,0,7265.09170254,2193.46050415,0,0.00198433900131
4574.55982395,2069663.83327,-6604305.32989,0,7241.72390806,2269.41870722,0,0.00197293659607
4584.11005323,2138709.21203,-6582270.13908,0,7217.56197693,2345.12804297,0,0.00200966306956
4593.6602825,2207520.05723,-6559513.1282,0,7192.60855879,2420.58020901,0,0.00210839802242
4603.21051178,2276088.82296,-6536036.79275,0,7166.86639008,2495.76693114,0,0.00224136396351
4612.76074106,2344407.98987,-6511843.7071,0,7140.33829371,2570.6799643,0,0.00234803786053
4622.31097034,2412470.06598,-6486936.52424,0,7113.02717881,2645.31109342,0,0.00236929791854
4631.86119961,2480267.58749,-6461317.9755,0,7084.93604035,2719.65213434,0,0.00228616847901
4641.41142889,2547793.11968,-6434990.87027,0,7056.06795884,2793.69493475,0,0.00214802042124
4650.96165817,2615039.25763,-6407958.09575,0,7026.42609996,2867.43137503,0,0.00205042904816
4660.51188745,2681998.62713,-6380222.61667,0,6996.01371425,2940.85336916,0,0.00203309277582
4670.06211672,2748663.88528,-6351787.47436,0,6964.83413678,3013.9528656,0,0.00203743372331
4679.612346,2815027.72147,-6322655.78699,0,6932.89078677,3086.72184814,0,0.00204085295107
4689.16257528,2881082.85815,-6292830.74918,0,6900.18716714,3159.15233684,0,0.00204243567489
4698.71280456,2946822.05164,-6262315.63158,0,6866.72686424,3231.23638889,0,0.00204354833783
4708.26303383,3012238.09287,-6231113.78048,0,6832.51354736,3302.96609946,0,0.00204525328463
4717.81326311,3077323.80824,-6199228.61751,0,6797.55096838,3374.33360257,0,0.00204793425516
4727.36349239,3142072.06035,-6166663.63922,0,6761.84296134,3445.33107197,0,0.00205266249108
4736.91372167,3206475.74885,-6133422.41676,0,6725.39344203,3515.95072199,0,0.00206108536422
4746.46395094,3270527.81114,-6099508.5954,0,6688.20640755,3586.1848084,0,0.00207261870389
4756.01418022,3334221.22321,-6064925.89421,0,6650.28593585,3656.02562922,0,0.00208177079867
4765.5644095,3397549.00038,-6029678.1056,0,6611.63618536,3725.46552564,0,0.00207981362541
4775.11463878,3460504.19806,-5993769.09491,0,6572.26139444,3794.49688279,0,0.00206176348144
4784.66486805,3523079.9125,-5957202.79997,0,6532.16588097,3863.1121306,0,0.00203514507477
4794.21509733,3585269.28158,-5919983.23069,0,6491.35404189,3931.30374464,0,0.00202359007415
4803.76532661,3647065.4855,-5882114.4686,0,6449.83035268,3999.06424692,0,0.00205657078685
4813.31555589,3708461.7476,-5843600.66639,0,6407.59936688,4066.38620674,0,0.0021445448953
4822.86578516,3769451.33506,-5804446.04747,0,6364.66571561,4133.26224149,0,0.00225983463228
4832.41601444,3830027.55964,-5764654.90553,0,6321.03410704,4199.68501746,0,0.00234641211104
4841.96624372,3890183.77844,-5724231.60407,0,6276.70932587,4265.64725062,0,0.00235285913221
4851.516473,3949913.39467,-5683180.57595,0,6231.69623282,4331.14170749,0,0.00226948820387
4861.06670227,4009209.8583,-5641506.3229,0,6185.99976408,4396.16120585,0,0.00215073259044
4870.61693155,4068066.66691,-5599213.41513,0,6139.62493075,4460.69861559,0,0.0020796783975
4880.16716083,4126477.36629,-5556306.49074,0,6092.57681832,4524.74685949,0,0.00207248173786
4889.71739011,4184435.55095,-5512790.25477,0,6044.86058618,4588.2989139,0,0.00207661650418
4899.26761938,4241934.86511,-5468669.47923,0,5996.48146695,4651.34780963,0,0.00207914138046
4908.81784866,4298969.00332,-5423949.00247,0,5947.44476595,4713.88663266,0,0.00207966053088
4918.36807794,4355531.71114,-5378633.72859,0,5897.75586062,4775.9085249,0,0.0020799395669
4927.91830722,4411616.78581,-5332728.62689,0,5847.42019989,4837.40668495,0,0.0020812343487
4937.46853649,4467218.07696,-5286238.73138,0,5796.44330366,4898.37436884,0,0.00208416232198
4947.01876577,4522329.48728,-5239169.14019,0,5744.8307621,4958.80489078,0,0.00208991049126
4956.56899505,4576944.9732,-5191525.01505,0,5692.58823512,5018.69162389,0,0.00209955730914
4966.11922433,4631058.54553,-5143311.58069,0,5639.72145169,5078.0280009,0,0.00211125341805
4975.6694536,4684664.27012,-5094534.12427,0,5586.23620924,5136.80751492,0,0.00211845777155
4985.21968288,4737756.26853,-5045197.99482,0,5532.13837304,5195.0237201,0,0.0021126730403
4994.76991216,4790328.71862,-4995308.60262,0,5477.4338755,5252.6702324,0,0.00209087574056
5004.32014144,4842375.85526,-4944871.4186,0,5422.1287156,5309.74073021,0,0.0020634177949
5013.87037072,4893891.97087,-4893891.97377,0,5366.22895817,5366.22895512,0,0.00205525469928
5023.42059999,4944871.41611,-4842375.85858,0,5309.74073325,5422.12871256,0,0.00209294390713
5032.97082927,4995308.60048,-4790328.72231,0,5252.67023542,5477.43387247,0,0.00218010829208
5042.52105855,5045197.99292,-4737756.27247,0,5195.02372312,5532.13837004,0,0.00228362246866
5052.07128783,5094534.12246,-4684664.27417,0,5136.80751794,5586.23620629,0,0.00234864868869
5061.6215171,5143311.5788,-4631058.54952,0,5078.02800396,5639.72144879,0,0.00233295805302
5071.17174638,5191525.01294,-4576944.97698,0,5018.69162701,5692.58823227,0,0.00224190584663
5080.72197566,5239169.13778,-4522329.49076,0,4958.80489399,5744.83075931,0,0.00214013646338
5090.27220494,5286238.72875,-4467218.08021,0,4898.37437212,5796.44330091,0,0.00209487084173
5099.82243421,5332728.62423,-4411616.78903,0,4837.40668826,5847.42019719,0,0.00209525624169
5109.37266349,5378633.72593,-4355531.71436,0,4775.90852824,5897.75585796,0,0.00209901661509
5118.92289277,5423948.99985,-4298969.00657,0,4713.88663603,5947.44476333,0,0.00210035055809
5128.47312205,5468669.47665,-4241934.86839,0,4651.34781302,5996.48146436,0,0.002099803743
5138.02335132,5512790.25221,-4184435.55425,0,4588.29891732,6044.86058363,0,0.0020995252416
5147.5735806,5556306.48818,-4126477.36959,0,4524.74686294,6092.57681581,0,0.0021008205107
5157.12380988,5599213.4125,-4068066.67015,0,4460.69861908,6139.62492829,0,0.00210452788033
5166.67403916,5641506.31994,-4009209.86135,0,4396.16120937,6185.99976171,0,0.00211191130534
5176.22426843,5683180.57262,-3949913.39749,0,4331.14171103,6231.69623055,0,0.00212328510416
5185.77449771,5724231.60052,-3890183.78113,0,4265.64725421,6276.70932367,0,0.00213518542637
5195.32472699,5764654.90195,-3830027.56229,0,4199.68502108,6321.03410488,0,0.00213970449582
5204.87495627,5804446.04407,-3769451.33781,0,4133.26224516,6364.66571346,0,0.00212869437657
5214.42518554,5843600.66334,-3708461.75055,0,4066.38621044,6407.59936473,0,0.00210184814212
5223.97541482,5882114.46603,-3647065.48873,0,3999.06425063,6449.83035052,0,0.0020735916836
5233.5256441,5919983.22864,-3585269.28512,0,3931.30374834,6491.35403972,0,0.00207124757159
5243.07587338,5957202.79841,-3523079.91635,0,3863.11213429,6532.1658788,0,0.00211819173631
5252.62610265,5993769.09375,-3460504.20216,0,3794.49688646,6572.26139228,0,0.00220943186299
5262.17633193,6029678.1047,-3397549.00465,0,3725.4655293,6611.63618323,0,0.00230441446356
5271.72656121,6064925.89337,-3334221.22753,0,3656.02563288,6650.28593378,0,0.0023487112563
5281.27679049,6099508.59442,-3270527.81538,0,3586.18481208,6688.20640553,0,0.00231036504662
5290.82701976,6133422.41547,-3206475.75291,0,3515.95072573,6725.39344009,0,0.00221174283664
5300.37724904,6166663.63757,-3142072.06419,0,3445.33107578,6761.84295947,0,0.00212616765558
5309.92747832,6199228.61566,-3077323.81195,0,3374.33360642,6797.55096657,0,0.00210070349506
5319.4777076,6231113.77861,-3012238.09658,0,3302.96610333,6832.5135456,0,0.00210376645891
5329.02793687,6262315.62972,-2946822.05535,0,3231.23639278,6866.72686253,0,0.00210689215874
5338.57816615,6292830.74737,-2881082.86188,0,3159.15234075,6900.18716548,0,0.00210701023409
5348.12839543,6322655.78522,-2815027.72522,0,3086.72185206,6932.89078514,0,0.00210562867238
5357.67862471,6351787.47261,-2748663.88904,0,3013.95286954,6964.8341352,0,0.00210512419266
5367.22885398,6380222.6149,-2681998.63087,0,2940.85337313,6996.01371272,0,0.00210680702265
5376.77908326,6407958.09385,-2615039.26133,0,2867.43137901,7026.42609849,0,0.0021117583261
5386.32931254,6434990.86795,-2547793.12324,0,2793.69493874,7056.06795747,0,0.00212119389171
5395.87954182,6461317.97277,-2480267.59093,0,2719.65213833,7084.93603908,0,0.00213449187831
5405.42977109,6486936.52129,-2412470.06933,0,2645.31109742,7113.02717761,0,0.00214647255336
5414.98000037,6511843.70415,-2344407.99321,0,2570.67996834,7140.33829256,0,0.00214794173679
5424.53022965,6536036.79005,-2276088.82637,0,2495.76693521,7166.86638894,0,0.00213129554198
5434.08045893,6559513.12594,-2207520.06076,0,2420.5802131,7192.60855765,0,0.00209922155676
5443.63068821,6582270.13738,-2138709.21573,0,2345.12804708,7217.56197578,0,0.00207049557936
5453.18091748,6604305.3288,-2069663.83717,0,2269.41871133,7241.72390689,0,0.00207489409914
5462.73114676,6625616.28374,-2000391.49665,0,2193.46050823,7265.09170137,0,0.00213251279303
5472.28137604,6646200.66516,-1930899.79065,0,2117.26176748,7287.66279667,0,0.00222985561519
5481.83160532,6666056.21569,-1861196.3397,0,2040.83084512,7309.43471763,0,0.00231921976545
5491.38183459,6685180.75789,-1791288.78755,0,1964.17612269,7330.40507671,0,0.00234652335891
5500.93206387,6703572.1945,-1721184.80034,0,1887.30600624,7350.57157428,0,0.002289329573
5510.48229315,6721228.50872,-1650892.06577,0,1810.22892544,7369.93199885,0,0.00218494199248
5520.03252243,6738147.76447,-1580418.29226,0,1732.95333265,7388.48422733,0,0.00211154687021
5529.5827517,6754328.10659,-1509771.20815,0,1655.48770196,7406.22622525,0,0.00209723674361
5539.13298098,6769767.76062,-1438958.56065,0,1577.84052838,7423.15604699,0,0.00210098170793
5548.68321026,6784465.03334,-1367988.11513,0,1500.02032679,7439.27183602,0,0.00210351116946
5558.23343954,6798418.31303,-1296867.6543,0,1422.03563108,7454.57182506,0,0.0021027221448
5567.78366881,6811626.06955,-1225604.97732,0,1343.89499312,7469.05433629,0,0.00210077630766
5577.33389809,6824086.85451,-1154207.89894,0,1265.60698195,7482.71778154,0,0.00210023373209
5586.88412737,6835799.3014,-1082684.24865,0,1187.18018271,7495.56066247,0,0.00210250863543
5596.43435665,6846762.12583,-1011041.86983,0,1108.62319579,7507.58157072,0,0.0021089015831
5605.98458592,6856974.12561,-939288.618869,0,1029.94463585,7518.77918804,0,0.00212062141573
5615.5348152,6866434.18089,-867432.364326,0,951.153130883,7529.1522865,0,0.00213625971966
5625.08504448,6875141.25431,-795480.986051,0,872.257321251,7538.69972857,0,0.00214910020511
5634.63527376,6883094.39107,-723442.374325,0,793.265858768,7547.42046725,0,0.00214861712853
5644.18550303,6890292.71905,-651324.428998,0,714.187405733,7555.31354621,0,0.00212727839364
5653.73573231,6896735.44887,-579135.058618,0,635.030633987,7562.3780999,0,0.00208982780969
5663.28596159,6902421.87403,-506882.179561,0,555.804223962,7568.6133536,0,0.00205881287847
5672.83619087,6907351.37092,-434573.71517,0,476.51686373,7574.01862354,0,0.00206730601288
5682.38642014,6911523.39892,-362217.594878,0,397.177248049,7578.59331699,0,0.00213455688531
5691.93664942,6914937.50045,-289821.753343,0,317.79407741,7582.33693227,0,0.00224139311436
5701.4868787,6917593.30105,-217394.12958,0,238.376057082,7585.24905888,0,0.00233369613756
5711.03710798,6919490.50943,-144942.666087,0,158.931896155,7587.32937746,0,0.0023548904077
5720.58733725,6920628.9175,-72475.3079807,0,79.4703065801,7588.5776599,0,0.00228582073396
5730.13756653,6921008.40045,-0.0021246324759,0,2.21216737373e-06,7588.9937693,0,0.00217223419683
5739.68779581,6920628.91682,72475.3037357,0,-79.4703021526,7588.57766001,0,0.00209844915512
5749.23802509,6919490.50849,144942.661843,0,-158.931891735,7587.32937764,0,0.00208625205321
5758.78825436,6917593.30014,217394.12534,0,-238.37605266,7585.2490591,0,0.00209040864197
5768.33848364,6914937.49974,289821.749122,0,-317.794072966,7582.33693252,0,0.00209293828012
5777.88871292,6911523.39854,362217.590688,0,-397.177243574,7578.59331725,0,0.00209178902383
5787.4389422,6907351.37092,434573.711014,0,-476.516859221,7574.01862382,0,0.00208947557669
5796.98917147,6902421.87438,506882.175433,0,-555.804219421,7568.6133539,0,0.00208878451962
5806.53940075,6896735.44945,579135.054506,0,-635.030629419,7562.37810023,0,0.00209134277555
5816.08963003,6890292.71973,651324.424889,0,-714.187401146,7555.3135466,0,0.00209868636702
5825.63985931,6883094.39173,723442.370205,0,-793.265854172,7547.4204677,0,0.00211228176309
5835.19008858,6875141.25485,795480.981912,0,-872.257316654,7538.69972909,0,0.0021306179065
5844.74031786,6866434.18128,867432.36017,0,-951.153126294,7529.15228711,0,0.00214626187455
5854.29054714,6856974.12588,939288.614703,0,-1029.94463128,7518.77918872,0,0.00214724138837
5863.84077642,6846762.12608,1011041.86567,0,-1108.62319124,7507.58157146,0,0.00212451933574
5873.39100569,6835799.30176,1082684.24451,0,-1187.18017819,7495.56066326,0,0.00208226975447
5882.94123497,6824086.85511,1154207.89484,0,-1265.60697746,7482.71778235,0,0.00204457621507
5892.49146425,6811626.07051,1225604.97328,0,-1343.89498868,7469.05433711,0,0.00204891577052
5902.04169353,6798418.31439,1296867.65032,0,-1422.03562667,7454.57182588,0,0.00211966917217
5911.59192281,6784465.03506,1367988.11121,0,-1500.02032242,7439.27183685,0,0.00223885040918
5921.14215208,6769767.76257,1438958.55676,0,-1577.84052404,7423.15604783,0,0.0023480022234
5930.69238136,6754328.10859,1509771.20427,0,-1655.48769764,7406.22622613,0,0.00238273833946
5940.24261064,6738147.76621,1580418.28831,0,-1732.95332834,7388.48422829,0,0.00231539255558
5949.79283992,6721228.50982,1650892.06166,0,-1810.22892116,7369.93199991,0,0.00218731716716
5959.34306919,6703572.19493,1721184.79608,0,-1887.30600197,7350.57157544,0,0.00209298644441
5968.89329847,6685180.75802,1791288.78322,0,-1964.17611844,7330.40507795,0,0.00207207309327
5978.44352775,6666056.21587,1861196.33539,0,-2040.83084087,7309.43471891,0,0.00207548032155
5987.99375703,6646200.66553,1930899.7864,0,-2117.26176321,7287.66279798,0,0.00207821233654
5997.5439863,6625616.28442,2000391.49251,0,-2193.46050394,7265.0917027,0,0.00207748988011
6007.09421558,6604305.32982,2069663.83314,0,-2269.41870701,7241.72390825,0,0.00207531458917
6016.64444486,6582270.13872,2138709.21182,0,-2345.12804274,7217.56197716,0,0.00207441722858
6026.19467414,6559513.12748,2207520.05691,0,-2420.58020875,7192.60855908,0,0.0020763276428
6035.74490341,6536036.79168,2276088.82254,0,-2495.76693086,7166.86639042,0,0.00208230409799
6045.29513269,6511843.70576,2344407.98937,0,-2570.67996399,7140.3382941,0,0.0020935974986
6054.84536197,6486936.52279,2412470.06544,0,-2645.3110931,7113.02717923,0,0.00210912964297
6064.39559125,6461317.97414,2480267.58699,0,-2719.65213403,7084.93604077,0,0.00212263499657
6073.94582052,6434990.86921,2547793.11927,0,-2793.69493447,7056.06795922,0,0.00212368472903
6083.4960498,6407958.09509,2615039.25735,0,-2867.43137478,7026.4261003,0,0.00210409118564
6093.04627908,6380222.61624,2681998.62695,0,-2940.85336893,6996.01371456,0,0.002067231263
6102.59650836,6351787.47417,2748663.8852,0,-3013.95286538,6964.83413707,0,0.00203431843481
6112.14673763,6322655.78709,2815027.72152,0,-3086.72184794,6932.89078701,0,0.00203853314432
6121.69696691,6292830.74958,2881082.85833,0,-3159.15233666,6900.18716734,0,0.00210170547909
6131.24719619,6262315.63224,2946822.05193,0,-3231.23638874,6866.72686439,0,0.00220818276814
6140.79742547,6231113.78133,3012238.09323,0,-3302.96609932,6832.51354748,0,0.00230539830979
6150.34765474,6199228.61843,3077323.80863,0,-3374.33360243,6797.55096848,0,0.002334987301
6159.89788402,6166663.64006,3142072.06071,0,-3445.33107183,6761.84296145,0,0.00227280584514
6169.4481133,6133422.41738,3206475.74912,0,-3515.95072184,6725.39344216,0,0.00215863387986
6178.99834258,6099508.59578,3270527.81131,0,-3586.18480822,6688.2064077,0,0.00207753315989
6188.54857185,6064925.89453,3334221.22337,0,-3656.02562905,6650.285936,0,0.00206117940877
6198.09880113,6029678.10592,3397549.00054,0,-3725.46552548,6611.63618549,0,0.00206465160593
6207.64903041,5993769.09517,3460504.19817,0,-3794.49688263,6572.26139457,0,0.00206705665992
6217.19925969,5957202.80011,3523079.91254,0,-3863.11213044,6532.16588112,0,0.0020663660776
6226.74948896,5919983.23064,3585269.2815,0,-3931.30374447,6491.35404207,0,0.00206462715016
6236.29971824,5882114.46829,3647065.48527,0,-3999.06424674,6449.8303529,0,0.00206421046318
6245.84994752,5843600.66577,3708461.7472,0,-4066.38620655,6407.59936716,0,0.00206636096815
6255.4001768,5804446.04656,3769451.33448,0,-4133.26224129,6364.66571595,0,0.0020721478418
6264.95040607,5764654.90441,3830027.55893,0,-4199.68501724,6321.03410742,0,0.00208259752961
6274.50063535,5724231.60288,3890183.7777,0,-4265.64725041,6276.70932628,0,0.0020962923587
6284.05086463,5683180.57486,3949913.39398,0,-4331.14170728,6231.69623322,0,0.00210696367849
6293.60109391,5641506.32209,4009209.85779,0,-4396.16120566,6185.99976444,0,0.00210508457835
6303.15132318,5599213.41464,4068066.6666,0,-4460.69861542,6139.62493106,0,0.00208441122596
6312.70155246,5556306.49042,4126477.36611,0,-4524.74685932,6092.5768186,0,0.00205071756083
6322.25178174,5512790.25465,4184435.55093,0,-4588.29891374,6044.86058643,0,0.00202622309152
6331.80201102,5468669.47936,4241934.86528,0,-4651.34780948,5996.48146716,0,0.00204139049834
6341.35224029,5423949.00286,4298969.00367,0,-4713.88663252,5947.44476611,0,0.00211123744467
6350.90246957,5378633.72919,4355531.71164,0,-4775.90852476,5897.75586073,0,0.00221393438224
6360.45269885,5332728.62763,4411616.78641,0,-4837.40668482,5847.42019998,0,0.00229681755945
6370.00292813,5286238.73215,4467218.07758,0,-4898.37436871,5796.44330373,0,0.00230839584639
6379.55315741,5239169.14087,4522329.48784,0,-4958.80489064,5744.83076218,0,0.00223608095092
6389.10338668,5191525.01553,4576944.97363,0,-5018.69162374,5692.58823522,0,0.00212938619
6398.65361596,5143311.58098,4631058.54582,0,-5078.02800074,5639.72145182,0,0.00206609691136
6408.20384524,5094534.12456,4684664.27041,0,-5136.80751476,5586.23620937,0,0.00205872417937
6417.75407452,5045197.9951,4737756.2688,0,-5195.02371995,5532.13837315,0,0.00206252642038
6427.30430379,4995308.60284,4790328.71883,0,-5252.67023225,5477.43387562,0,0.00206443735169
6436.85453307,4944871.41872,4842375.85536,0,-5309.74073006,5422.12871573,0,0.00206376648046
6446.40476235,4893891.97372,4893891.9708,0,-5366.22895497,5366.22895833,0,0.00206275590621
6455.95499163,4842375.8583,4944871.41583,0,-5422.1287124,5309.74073346,0,0.00206323734424
6465.5052209,4790328.72179,4995308.59996,0,-5477.43387232,5252.67023569,0,0.00206606215422
6475.05545018,4737756.27172,5045197.99218,0,-5532.13836988,5195.02372344,0,0.00207231433834
6484.60567946,4684664.27327,5094534.12157,0,-5586.23620614,5136.8075183,0,0.0020827780659
6494.15590874,4631058.54859,5143311.57789,0,-5639.72144864,5078.02800434,0,0.00209525056889
6503.70613801,4576944.97617,5191525.01215,0,-5692.58823213,5018.69162738,0,0.00210288268531
6513.25636729,4522329.4902,5239169.13724,0,-5744.83075917,4958.80489431,0,0.00209681068817
6522.80659657,4467218.07988,5286238.72845,0,-5796.44330078,4898.37437239,0,0.0020735257741
6532.35682585,4411616.78883,5332728.62409,0,-5847.42019706,4837.40668851,0,0.00204293242697
6541.90705512,4355531.71433,5378633.726,0,-5897.75585782,4775.90852846,0,0.00203010936367
6551.4572844,4298969.00674,5423949.00016,0,-5947.44476319,4713.8866362,0,0.00206277489249
6561.00751368,4241934.86875,5468669.47718,0,-5996.48146421,4651.34781316,0,0.00214654007855
6570.55774296,4184435.55477,5512790.25292,0,-6044.86058348,4588.29891741,0,0.002249685895
6580.10797223,4126477.3702,5556306.489,0,-6092.57681565,4524.74686301,0,0.00231724214434
6589.65820151,4068066.67076,5599213.41331,0,-6139.62492813,4460.69861914,0,0.00230552855386
6599.20843079,4009209.86186,5641506.32064,0,-6185.99976154,4396.16120944,0,0.00221750145103
6608.75866007,3949913.39784,5683180.57314,0,-6231.69623038,4331.14171114,0,0.00211589798092
6618.30888934,3890183.78135,5724231.6009,0,-6276.70932349,4265.64725433,0,0.00206910187877
6627.85911862,3830027.56253,5764654.90236,0,-6321.0341047,4199.68502119,0,0.00206902680178
6637.4093479,3769451.33804,5804446.04444,0,-6364.66571329,4133.26224526,0,0.00207291992526
6646.95957718,3708461.75073,5843600.66362,0,-6407.59936456,4066.38621055,0,0.00207446732026
6656.50980645,3647065.48882,5882114.46615,0,-6449.83035035,3999.06425076,0,0.00207419779805
6666.06003573,3585269.28507,5919983.22855,0,-6491.35403955,3931.30374851,0,0.00207418035099
6675.61026501,3523079.91613,5957202.79805,0,-6532.16587864,3863.11213451,0,0.00207561369164
6685.16049429,3460504.20176,5993769.0931,0,-6572.26139213,3794.49688674,0,0.00207916757484
6694.71072356,3397549.00409,6029678.10379,0,-6611.6361831,3725.46552963,0,0.0020859895967
6704.26095284,3334221.22688,6064925.89232,0,-6650.28593366,3656.02563325,0,0.00209658963602
6713.81118212,3270527.81474,6099508.59338,0,-6688.20640542,3586.18481246,0,0.00210789022806
6723.3614114,3206475.75238,6133422.41463,0,-6725.39343998,3515.95072609,0,0.00211237675024
6732.91164067,3142072.06386,6166663.63705,0,-6761.84295935,3445.33107609,0,0.00210214684358
6742.46186995,3077323.81176,6199228.61539,0,-6797.55096644,3374.33360669,0,0.00207700282495
6752.01209923,3012238.09648,6231113.77853,0,-6832.51354547,3302.96610358,0,0.00205148810004
6761.56232851,2946822.05537,6262315.6299,0,-6866.72686238,3231.23639299,0,0.00205329189227
6771.11255778,2881082.86205,6292830.74783,0,-6900.18716531,3159.15234092,0,0.00210616097969
6780.66278706,2815027.72551,6322655.78594,0,-6932.89078496,3086.72185219,0,0.00220499557013
6790.21301634,2748663.88943,6351787.47353,0,-6964.83413501,3013.95286963,0,0.0023083166534
6799.76324562,2681998.63132,6380222.61591,0,-6996.01371251,2940.8533732,0,0.00235983857375
6809.3134749,2615039.26176,6407958.09482,0,-7026.42609828,2867.43137909,0,0.00232462414161
6818.86370417,2547793.12359,6434990.86876,0,-7056.06795726,2793.69493884,0,0.00222165873379
6828.41393345,2480267.59116,6461317.97336,0,-7084.93603887,2719.65213847,0,0.00212485223804
6837.96416273,2412470.0695,6486936.52177,0,-7113.0271774,2645.31109757,0,0.00209165006557
6847.51439201,2344407.9934,6511843.70466,0,-7140.33829234,2570.67996847,0,0.00209525520559
6857.06462128,2276088.82654,6536036.7905,0,-7166.86638873,2495.76693534,0,0.00209916397276
6866.61485056,2207520.0609,6559513.12627,0,-7192.60855745,2420.58021324,0,0.00210078243251
6876.16507984,2138709.21582,6582270.13752,0,-7217.56197558,2345.12804725,0,0.00210126098957
6885.71530912,2069663.83716,6604305.32867,0,-7241.72390671,2269.41871153,0,0.00210231253197
6895.26553839,2000391.49653,6625616.28329,0,-7265.09170121,2193.46050849,0,0.00210454754073
6904.81576767,1930899.79043,6646200.66439,0,-7287.66279654,2117.26176779,0,0.00210859965037
6914.36599695,1861196.33939,6666056.21465,0,-7309.43471752,2040.83084549,0,0.00211586170138
6923.91622623,1791288.7872,6685180.75672,0,-7330.40507662,1964.17612309,0,0.00212657667617
6933.4664555,1721184.80001,6703572.19339,0,-7350.5715742,1887.30600664,0,0.00213692475408
6943.01668478,1650892.06552,6721228.50788,0,-7369.93199876,1810.22892581,0,0.00213893764802
6952.56691406,1580418.29213,6738147.76399,0,-7388.48422722,1732.95333298,0,0.00212571243772
6962.11714334,1509771.20808,6754328.10636,0,-7406.22622512,1655.48770226,0,0.00210010044539
6971.66737261,1438958.56063,6769767.76062,0,-7423.15604685,1577.84052865,0,0.0020807603197
6981.21760189,1367988.11517,6784465.03364,0,-7439.27183585,1500.02032704,0,0.00209725035166
6990.76783117,1296867.65442,6798418.31365,0,-7454.57182486,1422.03563128,0,0.00216927493471
7000.31806045,1225604.9775,6811626.07045,0,-7469.05433607,1343.8949933,0,0.00228261695484
7009.86828972,1154207.89917,6824086.8556,0,-7482.71778131,1265.60698209,0,0.0023880664314
7019.418519,1082684.24891,6835799.30258,0,-7495.56066223,1187.18018284,0,0.00242822625735
7028.96874828,1011041.87007,6846762.12694,0,-7507.58157047,1108.62319593,0,0.00237468688906
7038.51897756,939288.619063,6856974.12651,0,-7518.7791878,1029.94463602,0,0.00225828110139
7048.06920683,867432.364459,6866434.18155,0,-7529.15228627,951.153131082,0,0.00216106849323
7057.61943611,795480.986163,6875141.2549,0,-7538.69972833,872.257321456,0,0.00213514627607
7067.16966539,723442.374449,6883094.39167,0,-7547.42046701,793.265858964,0,0.0021397318481
7076.71989467,651324.429125,6890292.71958,0,-7555.31354597,714.187405929,0,0.0021439253428
7086.27012394,579135.058739,6896735.44927,0,-7562.37809967,635.030634194,0,0.00214609211641
7095.82035322,506882.179666,6902421.87421,0,-7568.61335338,555.804224193,0,0.00214751790307
7105.3705825,434573.715251,6907351.3708,0,-7574.01862336,476.516863999,0,0.00214949111109
7114.92081178,362217.59493,6911523.39844,0,-7578.59331684,397.177248367,0,0.00215227545598
7124.47104105,289821.753368,6914937.49961,0,-7582.33693217,317.794077781,0,0.0021565373369
7134.02127033,217394.129583,6917593.29993,0,-7585.24905881,238.376057499,0,0.00216398295501
7143.57149961,144942.666082,6919490.50818,0,-7587.32937742,158.931896599,0,0.00217503693353
7153.12172889,72475.3079828,6920628.91633,0,-7588.57765986,79.4703070248,0,0.0021855374309
7162.67195816,0.0021479082061,6921008.39959,0,-7588.99376924,2.63025822278e-06,0,0.00218706421959
7172.22218744,-72475.3036885,6920628.91636,0,-7588.57765993,-79.4703017744,0,0.0021728627094
7181.77241672,-144942.661792,6919490.50828,0,-7587.32937754,-158.931891378,0,0.0021470709047
7191.322646,-217394.1253,6917593.30019,0,-7585.24905898,-238.376052321,0,0.00213088493653
7200.87287527,-289821.749091,6914937.50012,0,-7582.33693237,-317.794072655,0,0.00215627600815
7210.42310455,-362217.59066,6911523.39926,0,-7578.59331706,-397.177243293,0,0.00224273296875
7219.97333383,-434573.710986,6907351.37195,0,-7574.01862359,-476.516858969,0,0.00237226875157
7229.52356311,-506882.175403,6902421.87562,0,-7568.61335364,-555.804219191,0,0.00249038895535
7239.07379238,-579135.054473,6896735.45079,0,-7562.37809997,-635.030629197,0,0.0025352841215
7248.62402166,-651324.424854,6890292.721,0,-7555.31354633,-714.187400915,0,0.00247627816625
7258.17425094,-723442.370169,6883094.39278,0,-7547.42046744,-793.265853915,0,0.00234548512915
7267.72448022,-795480.981877,6875141.25563,0,-7538.69972886,-872.257316366,0,0.002232027421
7277.2747095,-867432.360138,6866434.18197,0,-7529.15228688,-951.153125997,0,0.00219874546576
7286.82493877,-939288.614663,6856974.12659,0,-7518.77918848,-1029.94463099,0,0.00220363077891
7296.37516805,-1011041.86561,6846762.12673,0,-7507.58157122,-1108.62319095,0,0.00220828200787
7305.92539733,-1082684.24442,6835799.30227,0,-7495.56066304,-1187.18017789,0,0.00221136889953
7315.47562661,-1154207.89472,6824086.8554,0,-7482.71778215,-1265.60697714,0,0.00221390926535
7325.02585588,-1225604.9731,6811626.07049,0,-7469.05433695,-1343.89498833,0,0.00221676966069
7334.57608516,-1296867.65008,6798418.31399,0,-7454.57182577,-1422.03562627,0,0.002219852931
7344.12631444,-1367988.11091,6784465.03428,0,-7439.2718368,-1500.02032199,0,0.00222357221627
7353.67654372,-1438958.55641,6769767.76149,0,-7423.15604784,-1577.84052356,0,0.00222955868473
7363.22677299,-1509771.20389,6754328.10736,0,-7406.22622617,-1655.48769714,0,0.00223861777201
7372.77700227,-1580418.28794,6738147.76505,0,-7388.48422833,-1732.95332784,0,0.00224746814949
7382.32723155,-1650892.06134,6721228.50896,0,-7369.93199993,-1810.22892068,0,0.00224883251072
7391.87746083,-1721184.79584,6703572.1945,0,-7350.57157543,-1887.30600153,0,0.00223679246369
7401.4276901,-1791288.78305,6685180.75789,0,-7330.4050779,-1964.17611801,0,0.00221559378543
7410.97791938,-1861196.33528,6666056.21598,0,-7309.43471884,-2040.83084046,0,0.00220520993194
7420.52814866,-1930899.78639,6646200.66596,0,-7287.66279788,-2117.26176282,0,0.00223538167288
7430.07837794,-2000391.49257,6625616.28517,0,-7265.09170256,-2193.46050357,0,0.00232376231165
7439.62860721,-2069663.83328,6604305.33087,0,-7241.72390806,-2269.41870666,0,0.00245273095692
7449.17883649,-2138709.212,6582270.13998,0,-7217.56197695,-2345.1280424,0,0.00256989868554
7458.72906577,-2207520.05711,6559513.12883,0,-7192.60855885,-2420.58020841,0,0.00261546894657
7468.27929505,-2276088.82272,6536036.79296,0,-7166.86639019,-2495.76693051,0,0.00255916909292
7477.82952432,-2344407.9895,6511843.70682,0,-7140.3382939,-2570.67996362,0,0.00243117157984
7487.3797536,-2412470.0655,6486936.52358,0,-7113.02717906,-2645.3110927,0,0.00231747440875
7496.92998288,-2480267.58703,6461317.97485,0,-7084.9360406,-2719.65213363,0,0.00228312980234
7506.48021216,-2547793.11931,6434990.86994,0,-7056.06795905,-2793.69493407,0,0.00228836829677
7516.03044143,-2615039.25736,6407958.09577,0,-7026.42610013,-2867.43137438,0,0.00229338620495
7525.58067071,-2681998.6269,6380222.6168,0,-6996.01371441,-2940.85336852,0,0.00229733753358
7535.13089999,-2748663.88507,6351787.47454,0,-6964.83413694,-3013.95286496,0,0.0023009822178
7544.68112927,-2815027.72127,6322655.78719,0,-6932.89078692,-3086.7218475,0,0.00230475762183
7554.23135854,-2881082.85794,6292830.74936,0,-6900.18716732,-3159.1523362,0,0.00230821575387
7563.78158782,-2946822.0514,6262315.63169,0,-6866.72686443,-3231.23638824,0,0.00231150220458
7573.3318171,-3012238.09259,6231113.78051,0,-6832.51354758,-3302.9660988,0,0.00231613484775
7582.88204638,-3077323.80793,6199228.61748,0,-6797.55096862,-3374.3336019,0,0.00232293636318
7592.43227565,-3142072.06004,6166663.63919,0,-6761.84296159,-3445.3310713,0,0.0023293380657
7601.98250493,-3206475.74857,6133422.41678,0,-6725.39344228,-3515.95072132,0,0.00232943410529
7611.53273421,-3270527.81093,6099508.59555,0,-6688.20640777,-3586.18480773,0,0.00231915662091
7621.08296349,-3334221.22311,6064925.89455,0,-6650.28593605,-3656.02562856,0,0.00230388472591
7630.63319276,-3397549.0004,6029678.10616,0,-6611.63618552,-3725.465525,0,0.00230271112667
7640.18342204,-3460504.19819,5993769.09569,0,-6572.26139456,-3794.49688216,0,0.00234139300345
7649.73365132,-3523079.91271,5957202.80092,0,-6532.16588107,-3863.11212998,0,0.00243215432838
7659.2838806,-3585269.2818,5919983.2317,0,-6491.35404198,-3931.30374402,0,0.00255471861013
7668.83410987,-3647065.48566,5882114.46952,0,-6449.83035278,-3999.0642463,0,0.00265908162792
7678.38433915,-3708461.74761,5843600.66706,0,-6407.59936703,-4066.38620611,0,0.00269156649844
7687.93456843,-3769451.33485,5804446.04777,0,-6364.66571583,-4133.26224083,0,0.00262952593208
7697.48479771,-3830027.55919,5764654.90542,0,-6321.03410733,-4199.68501677,0,0.00250836161314
7707.03502699,-3890183.77784,5724231.60366,0,-6276.70932622,-4265.64724991,0,0.00240958537737
7716.58525626,-3949913.39411,5683180.5756,0,-6231.69623317,-4331.14170678,0,0.00238749158766
7726.13548554,-4009209.85791,5641506.32285,0,-6185.99976438,-4396.16120516,0,0.00239323590254
7735.68571482,-4068066.66668,5599213.41536,0,-6139.62493101,-4460.69861493,0,0.00239856982419
7745.2359441,-4126477.3661,5556306.49103,0,-6092.57681857,-4524.74685883,0,0.00240324690396
7754.78617337,-4184435.55079,5512790.25509,0,-6044.86058643,-4588.29891324,0,0.00240789633089
7764.33640265,-4241934.86496,5468669.47957,0,-5996.48146721,-4651.34780897,0,0.00241241223326
7773.88663193,-4298969.00315,5423949.00279,0,-5947.44476623,-4713.886632,0,0.00241609830913
7783.43686121,-4355531.71091,5378633.72885,0,-5897.75586092,-4775.90852423,0,0.00241915494217
7792.98709048,-4411616.78553,5332728.62709,0,-5847.42020022,-4837.40668427,0,0.00242307425864
7802.53731976,-4467218.07665,5286238.73153,0,-5796.443304,-4898.37436816,0,0.00242848203136
7812.08754904,-4522329.48698,5239169.14035,0,-5744.83076246,-4958.8048901,0,0.0024327890199
7821.63777832,-4576944.97295,5191525.01526,0,-5692.58823547,-5018.69162321,0,0.00243114721722
7831.18800759,-4631058.54539,5143311.58102,0,-5639.72145202,-5078.02800022,0,0.0024216950307
7840.73823687,-4684664.27013,5094534.12477,0,-5586.23620955,-5136.80751424,0,0.00241226179495
7850.28846615,-4737756.26869,5045197.99551,0,-5532.13837331,-5195.02371943,0,0.00242236481451
7859.83869543,-4790328.71894,4995308.60348,0,-5477.43387574,-5252.67023173,0,0.00247381024663
7869.3889247,-4842375.85567,4944871.41958,0,-5422.12871581,-5309.74072955,0,0.00257132125775
7878.93915398,-4893891.97128,4893891.97478,0,-5366.22895838,-5366.22895446,0,0.00268850314614
7888.48938326,-4944871.41642,4842375.85949,0,-5309.74073349,-5422.12871189,0,0.00277552301114
7898.03961254,-4995308.60056,4790328.723,0,-5252.67023571,-5477.4338718,0,0.00278611807878
7907.58984181,-5045197.9927,4737756.27284,0,-5195.02372348,-5532.13836936,0,0.00271019999966
7917.14007109,-5094534.12193,4684664.27421,0,-5136.80751838,-5586.2362056,0,0.00259425997584
7926.69030037,-5143311.57811,4631058.54937,0,-5078.02800445,-5639.7214481,0,0.00251588906812
7936.24052965,-5191525.01238,4576944.97696,0,-5018.69162748,-5692.58823159,0,0.00250950315233
7945.79075892,-5239169.13745,4522329.49099,0,-4958.80489442,-5744.83075863,0,0.00251564915624
7955.3409882,-5286238.7286,4467218.08063,0,-4898.37437251,-5796.44330024,0,0.00252130993713
7964.89121748,-5332728.62412,4411616.78949,0,-4837.40668865,-5847.42019652,0,0.00252666157321
7974.44144676,-5378633.72585,4355531.71484,0,-4775.90852863,-5897.75585729,0,0.00253206852807
7983.99167603,-5423948.99977,4298969.00706,0,-4713.88663644,-5947.44476266,0,0.0025369924901
7993.54190531,-5468669.47653,4241934.86885,0,-4651.34781345,-5996.48146369,0,0.0025406403889
8003.09213459,-5512790.25203,4184435.55467,0,-4588.29891778,-6044.86058296,0,0.00254355398874
8012.64236387,-5556306.48793,4126477.36996,0,-4524.74686342,-6092.57681515,0,0.00254726196733
8022.19259314,-5599213.41221,4068066.6705,0,-4460.69861959,-6139.62492763,0,0.00255190377006
8031.74282242,-5641506.31968,4009209.86171,0,-4396.16120988,-6185.99976105,0,0.00255458760087
8041.2930517,-5683180.57245,3949913.39791,0,-4331.14171154,-6231.69622988,0,0.00255129060077
8050.84328098,-5724231.6005,3890183.78164,0,-4265.64725469,-6276.709323,0,0.00254253819889
8060.39351025,-5764654.90212,3830027.56294,0,-4199.68502154,-6321.0341042,0,0.0025391519325
8069.94373953,-5804446.04444,3769451.3386,0,-4133.26224558,-6364.66571278,0,0.00256144647431
8079.49396881,-5843600.66388,3708461.75147,0,-4066.38621083,-6407.59936405,0,0.00262710787271
8089.04419809,-5882114.46666,3647065.48973,0,-3999.064251,-6449.83034983,0,0.00273267355796
8098.59442736,-5919983.22924,3585269.28612,0,-3931.30374873,-6491.35403903,0,0.00284485929126
8108.14465664,-5957202.79885,3523079.91726,0,-3863.11213471,-6532.16587812,0,0.00291347683273
8117.69488592,-5993769.09389,3460504.20288,0,-3794.49688694,-6572.26139161,0,0.00290027107945
8127.2451152,-6029678.10445,3397549.00512,0,-3725.46552986,-6611.63618257,0,0.00280949828912
8136.79534447,-6064925.89277,3334221.22777,0,-3656.02563352,-6650.28593313,0,0.0026992520697
8146.34557375,-6099508.59371,3270527.81554,0,-3586.18481276,-6688.20640489,0,0.0026416908403
8155.89580303,-6133422.41498,3206475.75321,0,-3515.95072638,-6725.39343945,0,0.00264553767074
8165.44603231,-6166663.63737,3142072.06468,0,-3445.33107638,-6761.84295883,0,0.00265197024522
8174.99626159,-6199228.61562,3077323.81255,0,-3374.33360699,-6797.55096593,0,0.00265796419555
8184.54649086,-6231113.77861,3012238.09719,0,-3302.9661039,-6832.51354496,0,0.00266384807992
8194.09672014,-6262315.62975,2946822.05598,0,-3231.23639336,-6866.72686189,0,0.00266973277756
8203.64694942,-6292830.74739,2881082.86251,0,-3159.15234135,-6900.18716484,0,0.00267472373849
8213.1971787,-6322655.78519,2815027.72582,0,-3086.72185268,-6932.89078451,0,0.00267824163138
8222.74740797,-6351787.4725,2748663.88962,0,-3013.95287019,-6964.83413458,0,0.00268115360414
8232.29763725,-6380222.61473,2681998.63143,0,-2940.8533738,-6996.01371211,0,0.00268493315064
8241.84786653,-6407958.09365,2615039.26187,0,-2867.4313797,-7026.42609789,0,0.00268917085887
8251.39809581,-6434990.86779,2547793.1238,0,-2793.69493944,-7056.06795687,0,0.00269054894737
8260.94832508,-6461317.97273,2480267.59153,0,-2719.65213903,-7084.93603848,0,0.00268585938184
8270.49855436,-6486936.52143,2412470.07,0,-2645.3110981,-7113.027177,0,0.00267797782009
8280.04878364,-6511843.70453,2344407.99397,0,-2570.67996898,-7140.33829193,0,0.00268035521709
8289.59901292,-6536036.79065,2276088.82722,0,-2495.76693583,-7166.8663883,0,0.00271373315074
8299.14924219,-6559513.12673,2207520.06169,0,-2420.58021369,-7192.60855701,0,0.00279182334461
8308.69947147,-6582270.13825,2138709.21671,0,-2345.12804766,-7217.56197513,0,0.00290390103068
8318.24970075,-6604305.3296,2069663.83814,0,-2269.41871192,-7241.72390625,0,0.00301103129792
8327.79993003,-6625616.28432,2000391.49756,0,-2193.46050887,-7265.09170075,0,0.00306332274105
8337.3501593,-6646200.66537,1930899.79143,0,-2117.26176818,-7287.66279608,0,0.00303007088109
8346.90038858,-6666056.21545,1861196.34033,0,-2040.8308459,-7309.43471707,0,0.00292816583316
8356.45061786,-6685180.75728,1791288.78805,0,-1964.17612354,-7330.40507618,0,0.00282412766504
8366.00084714,-6703572.19387,1721184.80082,0,-1887.30600711,-7350.57157376,0,0.00278444770805
8375.55107641,-6721228.50838,1650892.06634,0,-1810.22892627,-7369.93199832,0,0.00279127590692
8385.10130569,-6738147.76445,1580418.29295,0,-1732.95333344,-7388.48422679,0,0.00279794609495
8394.65153497,-6754328.1067,1509771.20889,0,-1655.48770274,-7406.2262247,0,0.00280417332122
8404.20176425,-6769767.76078,1438958.5614,0,-1577.84052916,-7423.15604645,0,0.00281036637332
8413.75199352,-6784465.03353,1367988.11589,0,-1500.02032758,-7439.27183548,0,0.00281643487759
8423.3022228,-6798418.3132,1296867.65506,0,-1422.03563188,-7454.57182453,0,0.00282137523693
8432.85245208,-6811626.06966,1225604.97807,0,-1343.89499395,-7469.05433578,0,0.00282483112015
8442.40268136,-6824086.85452,1154207.89968,0,-1265.6069828,-7482.71778105,0,0.0028279900178
8451.95291063,-6835799.30135,1082684.24938,0,-1187.18018359,-7495.560662,0,0.00283216962366
8461.50313991,-6846762.12576,1011041.87056,0,-1108.62319669,-7507.58157025,0,0.00283640296251
8471.05336919,-6856974.1256,939288.619604,0,-1029.94463676,-7518.77918758,0,0.0028369754595
8480.60359847,-6866434.18103,867432.365078,0,-951.153131777,-7529.15228604,0,0.00283106834021
8490.15382774,-6875141.25466,795480.98683,0,-872.257322125,-7538.69972809,0,0.00282310526796
8499.70405702,-6883094.39168,723442.375139,0,-793.265859614,-7547.42046675,0,0.00282851104919
8509.2542863,-6890292.71991,651324.429851,0,-714.187406551,-7555.3135457,0,0.00286873498731
8518.80451558,-6896735.44993,579135.059505,0,-635.030634784,-7562.37809937,0,0.00295544366601
8528.35474485,-6902421.87517,506882.180474,0,-555.804224753,-7568.61335307,0,0.0030737562636
8537.90497413,-6907351.37197,434573.716091,0,-476.516864536,-7574.01862303,0,0.00318094877837
8547.45520341,-6911523.3997,362217.595785,0,-397.177248896,-7578.5933165,0,0.00322626883943
8557.00543269,-6914937.50081,289821.754216,0,-317.79407832,-7582.33693184,0,0.00318235384823
8566.55566196,-6917593.30092,217394.130404,0,-238.376058066,-7585.2490585,0,0.00307265333401
8576.10589124,-6919490.50891,144942.666867,0,-158.9318972,-7587.32937713,0,0.00296858738746
8585.65612052,-6920628.91699,72475.3087539,0,-79.470307634,-7588.57765958,0,0.00293492398732
8595.2063498,-6921008.40027,0.00292933508172,0,-3.23069323827e-06,-7588.99376896,0,0.00294203314985
8604.75657907,-6920628.91699,-72475.3028956,0,79.4703011748,-7588.57765965,0,0.00294892953589
8614.30680835,-6919490.50879,-144942.66099,0,158.931890769,-7587.32937728,0,0.00295522430308
8623.85703763,-6917593.30049,-217394.124489,0,238.376051691,-7585.24905875,0,0.00296145733592
8633.40726691,-6914937.50012,-289821.748272,0,317.79407199,-7582.33693218,0,0.00296753721778
8642.95749619,-6911523.3989,-362217.589831,0,397.177242582,-7578.59331692,0,0.00297253554924
8652.50772546,-6907351.37121,-434573.710146,0,476.516858207,-7574.01862351,0,0.00297619735625
8662.05795474,-6902421.87458,-506882.174553,0,555.804218383,-7568.61335362,0,0.00297980316514
8671.60818402,-6896735.44958,-579135.053617,0,635.03062836,-7562.37809998,0,0.00298471374653
8681.1584133,-6890292.71984,-651324.423999,0,714.187400073,-7555.31354636,0,0.00298969900405
8690.70864257,-6883094.3919,-723442.369325,0,793.265853095,-7547.42046747,0,0.00299047072845
8700.25887185,-6875141.25517,-795480.981052,0,872.257315585,-7538.69972886,0,0.00298365103233
8709.80910113,-6866434.18183,-867432.359337,0,951.153125243,-7529.15228686,0,0.00297343451234
8719.35933041,-6856974.12671,-939288.6139,0,1029.94463025,-7518.77918845,0,0.00297586721514
8728.90955968,-6846762.12719,-1011041.86489,0,1108.62319024,-7507.58157116,0,0.00301421777424
8738.45978896,-6835799.30308,-1082684.24375,0,1187.18017721,-7495.56066294,0,0.00310267230607
8748.01001824,-6824086.85653,-1154207.89407,0,1265.60697649,-7482.71778203,0,0.00322787104131
8757.56024752,-6811626.07186,-1225604.97248,0,1343.89498769,-7469.0543368,0,0.00334611227886
8767.11047679,-6798418.31548,-1296867.64948,0,1422.03562565,-7454.57182562,0,0.00340284384408
8776.66070607,-6784465.03571,-1367988.11029,0,1500.02032136,-7439.27183665,0,0.0033650676137
8786.21093535,-6769767.7627,-1438958.55577,0,1577.84052291,-7423.15604771,0,0.00325142436779
8795.76116463,-6754328.10829,-1509771.20322,0,1655.48769646,-7406.22622608,0,0.00313434135041
8805.3113939,-6738147.76584,-1580418.28726,0,1732.95332714,-7388.48422826,0,0.0030859872388
8814.86162318,-6721228.50979,-1650892.06066,0,1810.22891999,-7369.93199986,0,0.00309287119613
8824.41185246,-6703572.19528,-1721184.79513,0,1887.30600085,-7350.57157536,0,0.00309983489879
8833.96208174,-6685180.75856,-1791288.78231,0,1964.17611733,-7330.40507786,0,0.00310613707878
8843.51231101,-6666056.21645,-1861196.33448,0,2040.83083977,-7309.43471883,0,0.00311223975265
8853.06254029,-6646200.66615,-1930899.78551,0,2117.2617621,-7287.66279791,0,0.00311829796933
8862.61276957,-6625616.28502,-2000391.4916,0,2193.46050282,-7265.09170265,0,0.00312350430484
8872.16299885,-6604305.33037,-2069663.83222,0,2269.41870588,-7241.72390823,0,0.00312743232277
8881.71322812,-6582270.13918,-2138709.21085,0,2345.12804159,-7217.56197717,0,0.00313098298086
8891.2634574,-6559513.12788,-2207520.05592,0,2420.58020759,-7192.60855912,0,0.00313527742546
8900.81368668,-6536036.79206,-2276088.82155,0,2495.76692968,-7166.86639048,0,0.0031394895201
8910.36391596,-6511843.70619,-2344407.9884,0,2570.67996282,-7140.33829417,0,0.00314023204369
8919.91414523,-6486936.52335,-2412470.06452,0,2645.31109193,-7113.0271793,0,0.00313467047094
8929.46437451,-6461317.9749,-2480267.58615,0,2719.65213288,-7084.93604082,0,0.00312632684438
8939.01460379,-6434990.87022,-2547793.11851,0,2793.69493333,-7056.06795925,0,0.00312890692558
8948.56483307,-6407958.09635,-2615039.25668,0,2867.43137366,-7026.4261003,0,0.003162467289
8958.11506234,-6380222.6177,-2681998.62634,0,2940.85336783,-6996.01371454,0,0.00323970432297
8967.66529162,-6351787.47572,-2748663.88462,0,3013.95286428,-6964.83413704,0,0.00334970778798
8977.2155209,-6322655.78859,-2815027.7209,0,3086.72184684,-6932.89078701,0,0.00345438025397
8986.76575018,-6292830.75086,-2881082.8576,0,3159.15233554,-6900.18716739,0,0.00350512318232
8996.31597945,-6262315.63314,-2946822.05104,0,3231.23638758,-6866.72686451,0,0.00347234933554
9005.86620873,-6231113.78177,-3012238.09216,0,3302.96609813,-6832.51354768,0,0.00337318096336
9015.41643801,-6199228.61849,-3077323.8074,0,3374.33360121,-6797.55096876,0,0.00327217310306
9024.96666729,-6166663.64008,-3142072.05948,0,3445.3310706,-6761.84296175,0,0.00323290379262
9034.51689656,-6133422.4177,-3206475.74801,0,3515.95072064,-6725.39344244,0,0.00323983957592
9044.06712584,-6099508.59643,-3270527.81034,0,3586.18480705,-6688.20640794,0,0.00324664859226
9053.61735512,-6064925.89533,-3334221.22246,0,3656.02562789,-6650.28593624,0,0.00325266438008
9063.1675844,-6029678.10676,-3397548.99965,0,3725.46552432,-6611.63618574,0,0.00325844795345
9072.71781368,-5993769.09604,-3460504.1973,0,3794.49688147,-6572.26139483,0,0.00326419899734
9082.26804295,-5957202.80097,-3523079.91166,0,3863.11212928,-6532.16588141,0,0.00326923668906
9091.81827223,-5919983.23145,-3585269.28058,0,3931.30374331,-6491.35404239,0,0.00327321823288
9101.36850151,-5882114.46903,-3647065.4843,0,3999.06424558,-6449.83035325,0,0.00327689128292
9110.91873079,-5843600.66646,-3708461.74619,0,4066.38620538,-6407.59936754,0,0.00328100160613
9120.46896006,-5804446.04724,-3769451.33347,0,4133.26224012,-6364.66571635,0,0.00328449450123
9130.01918934,-5764654.90514,-3830027.55796,0,4199.68501607,-6321.03410784,0,0.00328432541772
9139.56941862,-5724231.60372,-3890183.77681,0,4265.64724924,-6276.70932669,0,0.0032785815269
9149.1196479,-5683180.57589,-3949913.39322,0,4331.14170612,-6231.69623361,0,0.00327165272745
9158.66987717,-5641506.32333,-4009209.85716,0,4396.16120451,-6185.99976481,0,0.00327684648153
9168.22010645,-5599213.41609,-4068066.66611,0,4460.69861429,-6139.6249314,0,0.00331185929232
9177.77033573,-5556306.49203,-4126477.36572,0,4524.7468582,-6092.57681893,0,0.00338562131728
9187.32056501,-5512790.25633,-4184435.55056,0,4588.29891263,-6044.86058676,0,0.003484776876
9196.87079428,-5468669.48097,-4241934.86484,0,4651.34780837,-5996.48146751,0,0.00357261289762
9206.42102356,-5423949.00426,-4298969.00307,0,4713.8866314,-5947.44476652,0,0.00360634594484
9215.97125284,-5378633.73025,-4355531.7108,0,4775.90852364,-5897.75586122,0,0.0035651667771
9225.52148212,-5332728.62831,-4411616.78529,0,4837.40668367,-5847.42020055,0,0.00347325694018
9235.07171139,-5286238.73255,-4467218.07627,0,4898.37436756,-5796.44330438,0,0.00339214336891
9244.62194067,-5239169.14132,-4522329.48658,0,4958.8048895,-5744.83076284,0,0.00337185344794
9254.17216995,-5191525.01625,-4576944.97255,0,5018.69162262,-5692.58823585,0,0.00337871133836
9263.72239923,-5143311.58197,-4631058.54494,0,5078.02799964,-5639.72145241,0,0.00338505922362
9273.2726285,-5094534.12562,-4684664.26959,0,5136.80751367,-5586.23620996,0,0.00339051193801
9282.82285778,-5045197.9962,-4737756.26801,0,5195.02371886,-5532.13837375,0,0.0033957598119
9292.37308706,-4995308.60396,-4790328.71806,0,5252.67023117,-5477.43387623,0,0.00340097965599
9301.92331634,-4944871.41982,-4842375.85456,0,5309.74072899,-5422.12871638,0,0.00340563281091
9311.47354561,-4893891.97478,-4893891.96996,0,5366.2289539,-5366.22895901,0,0.00340957399113
9321.02377489,-4842375.85931,-4944871.41493,0,5422.12871134,-5309.74073417,0,0.00341352235081
9330.57400417,-4790328.72276,-4995308.59902,0,5477.43387126,-5252.67023643,0,0.00341774611068
9340.12423345,-4737756.27269,-5045197.99125,0,5532.13836883,-5195.0237242,0,0.00342050743612
9349.67446272,-4684664.2743,-5094534.1207,0,5586.23620509,-5136.80751907,0,0.00341875017469
9359.224692,-4631058.54972,-5143311.57714,0,5639.7214476,-5078.0280051,0,0.00341164690691
9368.77492128,-4576944.97746,-5191525.01157,0,5692.5882311,-5018.69162811,0,0.00340534905941
9378.32515056,-4522329.49165,-5239169.13684,0,5744.83075814,-4958.80489502,0,0.0034141152837
9387.87537983,-4467218.0815,-5286238.72822,0,5796.44329976,-4898.37437308,0,0.00345396391533
9397.42560911,-4411616.79056,-5332728.62397,0,5847.42019605,-4837.40668918,0,0.00352931634318
9406.97583839,-4355531.7161,-5378633.7259,0,5897.75585682,-4775.90852913,0,0.00362190159539
9416.52606767,-4298969.00843,-5423948.99994,0,5947.4447622,-4713.88663691,0,0.00369391198944
9426.07629694,-4241934.87025,-5468669.47673,0,5996.48146324,-4651.34781392,0,0.00370779591778
9435.62652622,-4184435.55599,-5512790.25214,0,6044.86058251,-4588.29891826,0,0.00365360108975
9445.1767555,-4126477.37112,-5556306.48788,0,6092.5768147,-4524.74686394,0,0.00356585669778
9454.72698478,-4068066.67151,-5599213.412,0,6139.62492718,-4460.69862014,0,0.00350375241237
9464.27721405,-4009209.86272,-5641506.31948,0,6185.99976061,-4396.16121043,0,0.00349866938971
9473.82744333,-3949913.39892,-5683180.57223,0,6231.69622945,-4331.14171209,0,0.00350528035029
9483.37767261,-3890183.78262,-5724231.60021,0,6276.70932258,-4265.64725525,0,0.00351089386039
9492.92790189,-3830027.56383,-5764654.9017,0,6321.0341038,-4199.68502211,0,0.00351552010487
9502.47813116,-3769451.33936,-5804446.04383,0,6364.6657124,-4133.26224619,0,0.00352005995157
9512.02836044,-3708461.75206,-5843600.66302,0,6407.59936368,-4066.38621149,0,0.00352466992039
9521.57858972,-3647065.49013,-5882114.46551,0,6449.83034948,-3999.06425173,0,0.00352892923889
9531.128819,-3585269.28635,-5919983.22784,0,6491.35403871,-3931.30374951,0,0.00353297302146
9540.67904828,-3523079.91737,-5957202.79728,0,6532.16587781,-3863.11213555,0,0.00353739666555
9550.22927755,-3460504.20298,-5993769.0923,0,6572.26139132,-3794.4968878,0,0.00354173946833
9559.77950683,-3397549.00533,-6029678.10302,0,6611.6361823,-3725.46553071,0,0.00354350568833
9569.32973611,-3334221.22816,-6064925.89164,0,6650.28593286,-3656.02563433,0,0.00353955210254
9578.87996539,-3270527.81611,-6099508.59287,0,6688.20640463,-3586.18481352,0,0.00353038424121
9588.43019466,-3206475.75387,-6133422.41432,0,6725.39343919,-3515.95072712,0,0.00352421174494
9597.98042394,-3142072.06547,-6166663.63696,0,6761.84295856,-3445.33107709,0,0.00353658917474
9607.53065322,-3077323.81348,-6199228.61549,0,6797.55096566,-3374.33360767,0,0.00358191031655
9617.0808825,-3012238.09827,-6231113.77875,0,6832.51354469,-3302.96610454,0,0.00365984876722
9626.63111177,-2946822.05717,-6262315.6301,0,6866.72686162,-3231.23639397,0,0.00374701926103
9636.18134105,-2881082.86377,-6292830.74786,0,6900.18716457,-3159.15234193,0,0.00380432730741
9645.73157033,-2815027.72709,-6322655.78566,0,6932.89078424,-3086.72185326,0,0.00379968490377
9655.28179961,-2748663.8908,-6351787.47284,0,6964.83413432,-3013.95287079,0,0.0037343235456
9664.83202888,-2681998.63249,-6380222.61485,0,6996.01371186,-2940.85337443,0,0.0036518689639
9674.38225816,-2615039.26285,-6407958.09363,0,7026.42609765,-2867.43138036,0,0.00360683666275
9683.93248744,-2547793.1248,-6434990.8678,0,7056.06795664,-2793.69494008,0,0.00360977542213
9693.48271672,-2480267.59252,-6461317.97271,0,7084.93603826,-2719.65213966,0,0.00361591050556
9703.03294599,-2412470.07096,-6486936.52131,0,7113.0271768,-2645.31109874,0,0.0036205486125
9712.58317527,-2344407.99487,-6511843.70424,0,7140.33829175,-2570.67996965,0,0.0036242072859
9722.13340455,-2276088.82803,-6536036.79013,0,7166.86638815,-2495.76693652,0,0.00362793184898
9731.68363383,-2207520.06239,-6559513.1259,0,7192.60855688,-2420.58021444,0,0.00363192758182
9741.2338631,-2138709.21729,-6582270.1371,0,7217.56197504,-2345.12804846,0,0.00363599940521
9750.78409238,-2069663.83862,-6604305.32817,0,7241.7239062,-2269.41871278,0,0.00364041521748
9760.33432166,-2000391.49797,-6625616.28273,0,7265.09170072,-2193.46050976,0,0.00364550666475
9769.88455094,-1930899.79186,-6646200.6638,0,7287.66279607,-2117.26176908,0,0.00365004113573
9779.43478021,-1861196.34083,-6666056.2141,0,7309.43471707,-2040.83084678,0,0.00365062746438
9788.98500949,-1791288.78867,-6685180.7563,0,7330.40507617,-1964.17612437,0,0.00364410753449
9798.53523877,-1721184.80152,-6703572.19317,0,7350.57157375,-1887.3060079,0,0.00363212639371
9808.08546805,-1650892.0671,-6721228.5079,0,7369.93199831,-1810.22892705,0,0.00362494020343
9817.63569732,-1580418.29378,-6738147.76426,0,7388.48422677,-1732.95333418,0,0.00363938696364
9827.1859266,-1509771.20979,-6754328.10683,0,7406.22622467,-1655.48770344,0,0.00368884927212
9836.73615588,-1438958.56238,-6769767.7612,0,7423.1560464,-1577.84052982,0,0.00376922565731
9846.28638516,-1367988.11692,-6784465.03417,0,7439.27183542,-1500.02032821,0,0.00385294390401
9855.83661443,-1296867.65612,-6798418.31396,0,7454.57182447,-1422.03563249,0,0.00389980922451
9865.38684371,-1225604.97913,-6811626.07038,0,7469.05433572,-1343.89499456,0,0.00388192061204
9874.93707299,-1154207.90069,-6824086.85507,0,7482.71778101,-1265.60698343,0,0.00380905435597
9884.48730227,-1082684.25032,-6835799.30165,0,7495.56066198,-1187.18018424,0,0.0037309331739
9894.03753154,-1011041.87146,-6846762.12595,0,7507.58157024,-1108.62319735,0,0.00369713833705
9903.58776082,-939288.620513,-6856974.12582,0,7518.77918757,-1029.94463741,0,0.00370223390241
9913.1379901,-867432.365988,-6866434.1812,0,7529.15228604,-951.153132419,0,0.00370784859524
9922.68821938,-795480.98773,-6875141.25472,0,7538.69972811,-872.257322771,0,0.00371148521738
9932.23844865,-723442.376018,-6883094.39154,0,7547.4204668,-793.265860276,0,0.00371404415712
9941.78867793,-651324.430696,-6890292.71949,0,7555.31354578,-714.187407243,0,0.00371688302631
9951.33890721,-579135.06031,-6896735.44917,0,7562.3780995,-635.030635517,0,0.00372034833777
9960.88913649,-506882.181237,-6902421.87405,0,7568.61335324,-555.804225534,0,0.00372444308724
9970.43936577,-434573.716818,-6907351.37055,0,7574.01862325,-476.51686536,0,0.00372956746978
9979.98959504,-362217.596493,-6911523.39812,0,7578.59331676,-397.177249746,0,0.00373573538925
9989.53982432,-289821.754926,-6914937.49928,0,7582.33693211,-317.794079171,0,0.00374098016903
9999.0900536,-217394.131138,-6917593.29965,0,7585.24905877,-238.376058888,0,0.0037409743695
10008.6402829,-144942.667634,-6919490.50804,0,7587.32937738,-158.931897975,0,0.00373201084056
10018.1905122,-72475.3095353,-6920628.91642,0,7588.57765982,-79.4703083754,0,0.00371609653493
10027.7407414,-0.00370439013932,-6921008.39994,0,7588.99376919,-3.94772041545e-06,0,0.00370485828596
10037.2909707,72475.3021241,-6920628.91699,0,7588.57765986,79.4703004922,0,0.00371702244999
10046.8412,144942.660216,-6919490.50912,0,7587.32937747,158.931890125,0,0.00376707737585
10056.3914293,217394.12371,-6917593.30114,0,7585.24905891,238.376051086,0,0.00385033971431
10065.9416585,289821.747488,-6914937.50101,0,7582.33693232,317.794071416,0,0.00393694171425
10075.4918878,362217.589045,-6911523.39991,0,7578.59331705,397.177242028,0,0.00398412820058
10085.0421171,434573.709363,-6907351.37219,0,7574.01862365,476.516857656,0,0.00396311189302
10094.5923464,506882.173778,-6902421.87536,0,7568.61335377,555.804217817,0,0.00388544797265
10104.1425757,579135.052855,-6896735.45009,0,7562.37810016,635.03062777,0,0.00380421230882
10113.6928049,651324.423248,-6890292.72021,0,7555.31354655,714.187399477,0,0.0037693956707
10123.2430342,723442.368572,-6883094.39231,0,7547.42046766,793.265852517,0,0.00377383134477
10132.7932635,795480.980286,-6875141.25554,0,7538.69972905,872.257315018,0,0.00377900485245
10142.3434928,867432.358552,-6866434.18208,0,7529.15228707,951.153124678,0,0.00378186457133
10151.893722,939288.613089,-6856974.12676,0,7518.77918869,1029.94462968,0,0.00378338574979
10161.4439513,1011041.86404,-6846762.12694,0,7507.58157144,1108.62318965,0,0.00378522379298
10170.9941806,1082684.24286,-6835799.30247,0,7495.56066328,1187.18017658,0,0.00378807573892
10180.5444099,1154207.89314,-6824086.85553,0,7482.71778243,1265.60697582,0,0.00379208784173
10190.0946391,1225604.9715,-6811626.07054,0,7469.05433726,1343.894987,0,0.00379758570268
10199.6448684,1296867.64847,-6798418.31397,0,7454.57182611,1422.03562494,0,0.00380446185794
10209.1950977,1367988.1093,-6784465.03422,0,7439.27183716,1500.02032065,0,0.00381039917998
10218.745327,1438958.55481,-6769767.76148,0,7423.15604822,1577.84052223,0,0.00381065637417
10228.2955563,1509771.20233,-6754328.10748,0,7406.22622655,1655.48769582,0,0.00380083790094
10237.8457855,1580418.28644,-6738147.76539,0,7388.4842287,1732.95332654,0,0.00378232076491
10247.3960148,1650892.0599,-6721228.50956,0,7369.93200029,1810.22891941,0,0.0037663452227
10256.9462441,1721184.79445,-6703572.19537,0,7350.57157576,1887.30600029,0,0.00377215606569
10266.4964734,1791288.78171,-6685180.75899,0,7330.40507822,1964.17611681,0,0.00381597675748
10276.0467026,1861196.33396,-6666056.2172,0,7309.43471915,2040.83083928,0,0.00389541972579
10285.5969319,1930899.78504,-6646200.66714,0,7287.66279821,2117.26176164,0,0.00398220051088
10295.1471612,2000391.49117,-6625616.28614,0,7265.09170293,2193.46050238,0,0.00403322232791
10304.6973905,2069663.83177,-6604305.33146,0,7241.72390851,2269.41870544,0,0.00401721313344
10314.2476198,2138709.21037,-6582270.14008,0,7217.56197747,2345.12804114,0,0.00394237920829
10323.797849,2207520.05538,-6559513.1285,0,7192.60855945,2420.58020712,0,0.00386019165868
10333.3480783,2276088.82098,-6536036.79251,0,7166.86639083,2495.76692921,0,0.00382163975563
10342.8983076,2344407.98784,-6511843.70667,0,7140.33829452,2570.67996236,0,0.00382420841155
10352.4485369,2412470.06394,-6486936.5238,0,7113.02717965,2645.31109149,0,0.00382875568287
10361.9987661,2480267.58552,-6461317.97525,0,7084.93604118,2719.65213244,0,0.00383092629471
10371.5489954,2547793.11782,-6434990.87038,0,7056.06795964,2793.69493289,0,0.00383155769173
10381.0992247,2615039.25589,-6407958.09625,0,7026.42610073,2867.43137321,0,0.00383249327317
10390.649454,2681998.62543,-6380222.61728,0,6996.01371503,2940.85336737,0,0.0038346197242
10400.1996833,2748663.88358,-6351787.47496,0,6964.83413759,3013.9528638,0,0.00383814404944
10409.7499125,2815027.71974,-6322655.78754,0,6932.89078761,3086.72184634,0,0.00384323966185
10419.3001418,2881082.85639,-6292830.74965,0,6900.18716804,3159.15233504,0,0.00384949593336
10428.8503711,2946822.04984,-6262315.63196,0,6866.72686518,3231.23638709,0,0.00385461701232
10438.4006004,3012238.09106,-6231113.78082,0,6832.51354833,3302.96609766,0,0.00385412795396
10447.9508296,3077323.80646,-6199228.61791,0,6797.55096937,3374.33360078,0,0.00384411500771
10457.5010589,3142072.05867,-6166663.63979,0,6761.84296232,3445.3310702,0,0.00382591771439
10467.0512882,3206475.74731,-6133422.41761,0,6725.39344299,3515.95072024,0,0.00380986722678
10476.6015175,3270527.80979,-6099508.59661,0,6688.20640845,3586.18480668,0,0.00381325333007
10486.1517468,3334221.22206,-6064925.8958,0,6650.28593671,3656.02562754,0,0.00385030885265
10495.701976,3397548.99938,-6029678.1075,0,6611.63618617,3725.465524,0,0.00391827766443
10505.2522053,3460504.19714,-5993769.09699,0,6572.26139523,3794.49688117,0,0.00399138431699
10514.8024346,3523079.91154,-5957202.80201,0,6532.16588179,3863.11212899,0,0.00403144792067
10524.3526639,3585269.28045,-5919983.23245,0,6491.35404277,3931.30374302,0,0.00401270872003
10533.9028931,3647065.48409,-5882114.46986,0,6449.83035366,3999.06424528,0,0.00394620328726
10543.4531224,3708461.74587,-5843600.66705,0,6407.59936798,4066.38620508,0,0.00387922194348
10553.0033517,3769451.33309,-5804446.04771,0,6364.6657168,4133.26223981,0,0.00385230077637
10562.553581,3830027.55759,-5764654.90563,0,6321.03410827,4199.68501578,0,0.00385562665493
10572.1038103,3890183.77641,-5724231.60418,0,6276.70932712,4265.64724896,0,0.00385924481813
10581.6540395,3949913.39275,-5683180.57625,0,6231.69623406,4331.14170586,0,0.00386030293904
10591.2042688,4009209.85659,-5641506.32353,0,6185.99976528,4396.16120425,0,0.00386002567607
10600.7544981,4068066.66538,-5599213.41606,0,6139.62493192,4460.69861403,0,0.00386031591911
10610.3047274,4126477.3648,-5556306.49173,0,6092.5768195,4524.74685794,0,0.00386207092605
10619.8549566,4184435.54945,-5512790.25574,0,6044.86058738,4588.29891236,0,0.00386551471201
10629.4051859,4241934.86357,-5468669.48016,0,5996.48146819,4651.3478081,0,0.00387066334682
10638.9554152,4298969.00172,-5423949.00333,0,5947.44476724,4713.88663114,0,0.00387669015126
10648.5056445,4355531.70949,-5378633.72938,0,5897.75586194,4775.90852338,0,0.0038807700933
10658.0558737,4411616.78415,-5332728.62766,0,5847.42020125,4837.40668344,0,0.00387827583921
10667.606103,4467218.07536,-5286238.73221,0,5796.44330502,4898.37436735,0,0.00386596424014
10677.1563323,4522329.48583,-5239169.14118,0,5744.83076346,4958.80488931,0,0.00384651249735
10686.7065616,4576944.97197,-5191525.01629,0,5692.58823644,5018.69162243,0,0.00383127370299
10696.2567909,4631058.54456,-5143311.58223,0,5639.72145296,5078.02799946,0,0.00383699362278
10705.8070201,4684664.26941,-5094534.12612,0,5586.23621046,5136.8075135,0,0.00387510656379
10715.3572494,4737756.26802,-5045197.99691,0,5532.13837421,5195.02371871,0,0.00393906589532
10724.9074787,4790328.7182,-4995308.60482,0,5477.43387666,5252.67023102,0,0.00400135833672
10734.457708,4842375.85475,-4944871.42073,0,5422.12871678,5309.74072885,0,0.00402681875239
10744.0079372,4893891.97009,-4893891.97563,0,5366.22895942,5366.22895377,0,0.00399760731393
10753.5581665,4944871.41493,-4842375.86,0,5309.74073461,5422.1287112,0,0.00393316438037
10763.1083958,4995308.59887,-4790328.72325,0,5252.67023689,5477.43387112,0,0.00387996284304
10772.6586251,5045197.99107,-4737756.27314,0,5195.02372466,5532.1383687,0,0.00386600558448
10782.2088544,5094534.12052,-4684664.27475,0,5136.80751952,5586.23620497,0,0.00386958516102
10791.7590836,5143311.57691,-4631058.55014,0,5078.02800555,5639.72144749,0,0.00387204184542
10801.3093129,5191525.01124,-4576944.97779,0,5018.69162857,5692.588231,0,0.00387183291125
10810.8595422,5239169.13636,-4522329.49184,0,4958.80489551,5744.83075805,0,0.00387074575169
10820.4097715,5286238.72752,-4467218.0815,0,4898.37437361,5796.44329968,0,0.00387071248262
10829.9600007,5332728.62302,-4411616.79033,0,4837.40668976,5847.42019598,0,0.00387248355506
10839.51023,5378633.7247,-4355531.71565,0,4775.90852977,5897.75585676,0,0.00387625675843
10849.0604593,5423948.99856,-4298969.00782,0,4713.8866376,5947.44476215,0,0.00388184746791
10858.6106886,5468669.47529,-4241934.86958,0,4651.34781463,5996.4814632,0,0.0038878079595
10868.1609179,5512790.25079,-4184435.55539,0,4588.29891897,6044.86058248,0,0.00389050225785
10877.7111471,5556306.48677,-4126477.37073,0,4524.74686461,6092.57681468,0,0.00388515711625
10887.2613764,5599213.41119,-4068066.67136,0,4460.69862075,6139.62492718,0,0.00386943746789
10896.8116057,5641506.31884,-4009209.86269,0,4396.16121101,6185.99976061,0,0.00384811695459
10906.361835,5683180.57181,-3949913.39904,0,4331.14171263,6231.69622945,0,0.00383449174792
10915.9120642,5724231.60004,-3890183.78291,0,4265.64725575,6276.70932258,0,0.00384516132087
10925.4622935,5764654.90178,-3830027.56429,0,4199.68502257,6321.0341038,0,0.00388809149769
10935.0125228,5804446.04412,-3769451.33998,0,4133.26224661,6364.6657124,0,0.00395142778708
10944.5627521,5843600.66344,-3708461.75278,0,4066.38621188,6407.59936368,0,0.0040044257828
10954.1129814,5882114.46596,-3647065.49086,0,3999.0642521,6449.83034948,0,0.00401474822196
10963.6632106,5919983.2282,-3585269.287,0,3931.30374989,6491.35403871,0,0.00397379296963
10973.2134399,5957202.79745,-3523079.91789,0,3863.11213595,6532.16587782,0,0.00391068149056
10982.7636692,5993769.09229,-3460504.20336,0,3794.49688822,6572.26139133,0,0.0038697699508
10992.3138985,6029678.10302,-3397549.00571,0,3725.46553112,6611.63618231,0,0.00386474404468
11001.8641277,6064925.89163,-3334221.22854,0,3656.02563472,6650.28593288,0,0.00386820290877
11011.414357,6099508.59278,-3270527.81645,0,3586.18481392,6688.20640466,0,0.00386940591834
11020.9645863,6133422.4141,-3206475.75414,0,3515.95072753,6725.39343923,0,0.00386807725678
11030.5148156,6166663.63654,-3142072.06563,0,3445.33107753,6761.84295862,0,0.00386645953317
11040.0650449,6199228.61479,-3077323.8135,0,3374.33360815,6797.55096574,0,0.00386636500591
11049.6152741,6231113.77774,-3012238.09812,0,3302.96610507,6832.51354479,0,0.00386849053587
11059.1655034,6262315.62882,-2946822.05687,0,3231.23639455,6866.72686174,0,0.00387291343797
11068.7157327,6292830.74639,-2881082.86337,0,3159.15234255,6900.18716471,0,0.00387918178807
11078.265962,6322655.78416,-2815027.72667,0,3086.72185389,6932.8907844,0,0.0038851070583
11087.8161912,6351787.4715,-2748663.89046,0,3013.9528714,6964.83413449,0,0.00388622027958
11097.3664205,6380222.61382,-2681998.6323,0,2940.853375,6996.01371202,0,0.00387759861525
11106.9166498,6407958.09292,-2615039.26281,0,2867.43138088,7026.42609781,0,0.00385820276751
11116.4668791,6434990.86728,-2547793.12483,0,2793.69494057,7056.06795679,0,0.00383508666323
11126.0171083,6461317.97245,-2480267.59265,0,2719.65214012,7084.9360384,0,0.00382368989649
11135.5673376,6486936.52135,-2412470.0712,0,2645.31109915,7113.02717692,0,0.00384038689198
11145.1175669,6511843.70456,-2344407.99523,0,2570.67997001,7140.33829186,0,0.0038894205703
11154.6677962,6536036.79067,-2276088.82848,0,2495.76693685,7166.86638825,0,0.00395345393841
11164.2180255,6559513.12656,-2207520.06289,0,2420.58021473,7192.60855698,0,0.00399864389337
11173.7682547,6582270.13776,-2138709.21779,0,2345.12804875,7217.56197513,0,0.00399561298678
11183.318484,6604305.3287,-2069663.83905,0,2269.41871308,7241.72390629,0,0.00394472737239
11192.8687133,6625616.28302,-2000391.4983,0,2193.46051008,7265.09170083,0,0.00388331963252
11202.4189426,6646200.66393,-1930899.79211,0,2117.26176942,7287.66279618,0,0.00385177249052
11211.9691718,6666056.21427,-1861196.34109,0,2040.8308471,7309.43471718,0,0.00385134973743
11221.5194011,6685180.75642,-1791288.78893,0,1964.17612468,7330.40507629,0,0.00385448706873
11231.0696304,6703572.1932,-1721184.80177,0,1887.30600821,7350.57157387,0,0.00385468765617
11240.6198597,6721228.50776,-1650892.0673,0,1810.22892737,7369.93199844,0,0.00385254888551
11250.170089,6738147.76387,-1580418.29391,0,1732.95333452,7388.48422693,0,0.00385063731442
11259.7203182,6754328.10612,-1509771.20984,0,1655.48770383,7406.22622485,0,0.00385068766626
11269.2705475,6769767.76014,-1438958.56234,0,1577.84053025,7423.15604662,0,0.00385331305114
11278.8207768,6784465.03281,-1367988.11681,0,1500.02032869,7439.27183568,0,0.00385861872505
11288.3710061,6798418.31241,-1296867.65596,0,1422.035633,7454.57182475,0,0.00386586388304
11297.9212353,6811626.06884,-1225604.97896,0,1343.89499508,7469.05433601,0,0.00387210045777
11307.4714646,6824086.85374,-1154207.90056,0,1265.60698392,7482.7177813,0,0.00387206680724
11317.0216939,6835799.30069,-1082684.25028,0,1187.18018469,7495.56066225,0,0.0038606208358
11326.5719232,6846762.1253,-1011041.87148,0,1108.62319775,7507.5815705,0,0.00383765633656
11336.1221525,6856974.12539,-939288.620557,0,1029.94463778,7518.77918782,0,0.00381234762263
11345.6723817,6866434.18107,-867432.366069,0,951.153132755,7529.15228626,0,0.00380226302614
11355.222611,6875141.25492,-795480.987855,0,872.257323064,7538.6997283,0,0.00382413614446
11364.7728403,6883094.39204,-723442.376188,0,793.265860528,7547.42046696,0,0.00387970814798
11374.3230696,6890292.72023,-651324.430904,0,714.187407459,7555.31354593,0,0.00394719831103
11383.8732988,6896735.45003,-579135.060537,0,635.03063571,7562.37809963,0,0.00398956327687
11393.4235281,6902421.87489,-506882.181458,0,555.804225721,7568.61335337,0,0.00397836799803
11402.9737574,6907351.37122,-434573.717008,0,476.516865562,7574.01862338,0,0.00391959136283
11412.5239867,6911523.39853,-362217.596636,0,397.177249972,7578.59331691,0,0.00385650921195
11422.074216,6914937.49952,-289821.755037,0,317.794079406,7582.33693227,0,0.00382821874501
11431.6244452,6917593.29996,-217394.131252,0,238.376059104,7585.24905892,0,0.0038264873807
11441.1746745,6919490.50834,-144942.667751,0,158.931898179,7587.32937753,0,0.00382538429607
11450.7249038,6920628.91661,-72475.3096542,0,79.4703085809,7588.57765997,0,0.00382427643859
11460.2751331,6921008.39993,-0.00382251065457,0,4.16767750266e-06,7588.99376936,0,0.00382318838376
